<?xml version="1.0" encoding="ISO-8859-1" ?>
<link_info>
   <banner>TI ARM Linker Unix v20.2.7.LTS</banner>
   <copyright>Copyright (c) 1996-2018 Texas Instruments Incorporated</copyright>
   <link_time>0x63eef544</link_time>
   <link_errors>0x0</link_errors>
   <output_file>hw4_4.out</output_file>
   <entry_point>
      <name>_c_int00_noinit_noargs</name>
      <address>0x2b9</address>
   </entry_point>
   <input_file_list>
      <input_file id="fl-1">
         <path>./</path>
         <kind>object</kind>
         <file>main.obj</file>
         <name>main.obj</name>
      </input_file>
      <input_file id="fl-2">
         <path>./</path>
         <kind>object</kind>
         <file>system_msp432p4111.obj</file>
         <name>system_msp432p4111.obj</name>
      </input_file>
      <input_file id="fl-3">
         <path>./ccs/</path>
         <kind>object</kind>
         <file>startup_msp432p4111_ccs.obj</file>
         <name>startup_msp432p4111_ccs.obj</name>
      </input_file>
      <input_file id="fl-d">
         <kind>object</kind>
         <file>&lt;internal&gt;</file>
         <name>&lt;internal&gt;</name>
      </input_file>
      <input_file id="fl-c3">
         <path>/Applications/ti/ccs1220/ccs/tools/compiler/ti-cgt-arm_20.2.7.LTS/lib/</path>
         <kind>archive</kind>
         <file>rtsv7M4_T_le_v4SPD16_eabi.lib</file>
         <name>copy_zero_init.c.obj</name>
      </input_file>
      <input_file id="fl-c4">
         <path>/Applications/ti/ccs1220/ccs/tools/compiler/ti-cgt-arm_20.2.7.LTS/lib/</path>
         <kind>archive</kind>
         <file>rtsv7M4_T_le_v4SPD16_eabi.lib</file>
         <name>copy_decompress_none.c.obj</name>
      </input_file>
      <input_file id="fl-c5">
         <path>/Applications/ti/ccs1220/ccs/tools/compiler/ti-cgt-arm_20.2.7.LTS/lib/</path>
         <kind>archive</kind>
         <file>rtsv7M4_T_le_v4SPD16_eabi.lib</file>
         <name>copy_decompress_lzss.c.obj</name>
      </input_file>
      <input_file id="fl-c6">
         <path>/Applications/ti/ccs1220/ccs/tools/compiler/ti-cgt-arm_20.2.7.LTS/lib/</path>
         <kind>archive</kind>
         <file>rtsv7M4_T_le_v4SPD16_eabi.lib</file>
         <name>boot_cortex_m.c.obj</name>
      </input_file>
      <input_file id="fl-c7">
         <path>/Applications/ti/ccs1220/ccs/tools/compiler/ti-cgt-arm_20.2.7.LTS/lib/</path>
         <kind>archive</kind>
         <file>rtsv7M4_T_le_v4SPD16_eabi.lib</file>
         <name>memcpy_t2.asm.obj</name>
      </input_file>
      <input_file id="fl-c8">
         <path>/Applications/ti/ccs1220/ccs/tools/compiler/ti-cgt-arm_20.2.7.LTS/lib/</path>
         <kind>archive</kind>
         <file>rtsv7M4_T_le_v4SPD16_eabi.lib</file>
         <name>memset_t2.asm.obj</name>
      </input_file>
      <input_file id="fl-c9">
         <path>/Applications/ti/ccs1220/ccs/tools/compiler/ti-cgt-arm_20.2.7.LTS/lib/</path>
         <kind>archive</kind>
         <file>rtsv7M4_T_le_v4SPD16_eabi.lib</file>
         <name>autoinit.c.obj</name>
      </input_file>
      <input_file id="fl-ca">
         <path>/Applications/ti/ccs1220/ccs/tools/compiler/ti-cgt-arm_20.2.7.LTS/lib/</path>
         <kind>archive</kind>
         <file>rtsv7M4_T_le_v4SPD16_eabi.lib</file>
         <name>pre_init.c.obj</name>
      </input_file>
      <input_file id="fl-cb">
         <path>/Applications/ti/ccs1220/ccs/tools/compiler/ti-cgt-arm_20.2.7.LTS/lib/</path>
         <kind>archive</kind>
         <file>rtsv7M4_T_le_v4SPD16_eabi.lib</file>
         <name>cpy_tbl.c.obj</name>
      </input_file>
      <input_file id="fl-cc">
         <path>/Applications/ti/ccs1220/ccs/tools/compiler/ti-cgt-arm_20.2.7.LTS/lib/</path>
         <kind>archive</kind>
         <file>rtsv7M4_T_le_v4SPD16_eabi.lib</file>
         <name>exit.c.obj</name>
      </input_file>
      <input_file id="fl-cd">
         <path>/Applications/ti/ccs1220/ccs/tools/compiler/ti-cgt-arm_20.2.7.LTS/lib/</path>
         <kind>archive</kind>
         <file>rtsv7M4_T_le_v4SPD16_eabi.lib</file>
         <name>_lock.c.obj</name>
      </input_file>
      <input_file id="fl-ce">
         <path>/Applications/ti/ccs1220/ccs/tools/compiler/ti-cgt-arm_20.2.7.LTS/lib/</path>
         <kind>archive</kind>
         <file>rtsv7M4_T_le_v4SPD16_eabi.lib</file>
         <name>args_main.c.obj</name>
      </input_file>
   </input_file_list>
   <object_component_list>
      <object_component id="oc-26">
         <name>.intvecs:retain</name>
         <load_address>0x0</load_address>
         <run_address>0x0</run_address>
         <size>0xe8</size>
         <input_file_ref idref="fl-3"/>
      </object_component>
      <object_component id="oc-99">
         <name>.text:main</name>
         <load_address>0xe8</load_address>
         <run_address>0xe8</run_address>
         <size>0x13c</size>
         <input_file_ref idref="fl-1"/>
      </object_component>
      <object_component id="oc-ab">
         <name>.text:SystemInit</name>
         <load_address>0x224</load_address>
         <run_address>0x224</run_address>
         <size>0x94</size>
         <input_file_ref idref="fl-2"/>
      </object_component>
      <object_component id="oc-4f">
         <name>.text:_c_int00_noinit_noargs:_c_int00_noinit_noargs</name>
         <load_address>0x2b8</load_address>
         <run_address>0x2b8</run_address>
         <size>0x2c</size>
         <input_file_ref idref="fl-c6"/>
      </object_component>
      <object_component id="oc-67">
         <name>.text:Reset_Handler</name>
         <load_address>0x2e4</load_address>
         <run_address>0x2e4</run_address>
         <size>0xc</size>
         <input_file_ref idref="fl-3"/>
      </object_component>
      <object_component id="oc-93">
         <name>.text:_system_pre_init</name>
         <load_address>0x2f0</load_address>
         <run_address>0x2f0</run_address>
         <size>0x4</size>
         <input_file_ref idref="fl-ca"/>
      </object_component>
      <object_component id="oc-d5">
         <name>.text:abort:abort</name>
         <load_address>0x2f4</load_address>
         <run_address>0x2f4</run_address>
         <size>0x4</size>
         <input_file_ref idref="fl-cc"/>
      </object_component>
      <object_component id="oc-6d">
         <name>.text:Default_Handler</name>
         <load_address>0x2f8</load_address>
         <run_address>0x2f8</run_address>
         <size>0x2</size>
         <input_file_ref idref="fl-3"/>
      </object_component>
      <object_component id="oc-179">
         <name>.binit</name>
         <load_address>0x0</load_address>
         <run_address>0x0</run_address>
         <size>0x0</size>
      </object_component>
      <object_component id="oc-29">
         <name>.stack</name>
         <uninitialized>true</uninitialized>
         <run_address>0x2003fe00</run_address>
         <size>0x4</size>
         <input_file_ref idref="fl-c6"/>
      </object_component>
      <object_component id="oc-1a7">
         <name>.stack</name>
         <uninitialized>true</uninitialized>
         <run_address>0x2003fe00</run_address>
         <size>0x0</size>
      </object_component>
      <object_component id="oc-119">
         <name>.debug_info</name>
         <load_address>0x0</load_address>
         <run_address>0x0</run_address>
         <size>0x569</size>
         <input_file_ref idref="fl-1"/>
      </object_component>
      <object_component id="oc-9a">
         <name>.debug_info</name>
         <load_address>0x569</load_address>
         <run_address>0x569</run_address>
         <size>0x217</size>
         <input_file_ref idref="fl-1"/>
      </object_component>
      <object_component id="oc-b5">
         <name>.debug_info</name>
         <load_address>0x780</load_address>
         <run_address>0x780</run_address>
         <size>0x26b</size>
         <input_file_ref idref="fl-1"/>
      </object_component>
      <object_component id="oc-141">
         <name>.debug_info</name>
         <load_address>0x9eb</load_address>
         <run_address>0x9eb</run_address>
         <size>0x1028</size>
         <input_file_ref idref="fl-1"/>
      </object_component>
      <object_component id="oc-13c">
         <name>.debug_info</name>
         <load_address>0x1a13</load_address>
         <run_address>0x1a13</run_address>
         <size>0x3c27</size>
         <input_file_ref idref="fl-1"/>
      </object_component>
      <object_component id="oc-cb">
         <name>.debug_info</name>
         <load_address>0x563a</load_address>
         <run_address>0x563a</run_address>
         <size>0x8b</size>
         <input_file_ref idref="fl-1"/>
      </object_component>
      <object_component id="oc-114">
         <name>.debug_info</name>
         <load_address>0x56c5</load_address>
         <run_address>0x56c5</run_address>
         <size>0x2a4</size>
         <input_file_ref idref="fl-1"/>
      </object_component>
      <object_component id="oc-d0">
         <name>.debug_info</name>
         <load_address>0x5969</load_address>
         <run_address>0x5969</run_address>
         <size>0xbb</size>
         <input_file_ref idref="fl-1"/>
      </object_component>
      <object_component id="oc-ac">
         <name>.debug_info</name>
         <load_address>0x5a24</load_address>
         <run_address>0x5a24</run_address>
         <size>0x12a</size>
         <input_file_ref idref="fl-2"/>
      </object_component>
      <object_component id="oc-32">
         <name>.debug_info</name>
         <load_address>0x5b4e</load_address>
         <run_address>0x5b4e</run_address>
         <size>0x84</size>
         <input_file_ref idref="fl-2"/>
      </object_component>
      <object_component id="oc-75">
         <name>.debug_info</name>
         <load_address>0x5bd2</load_address>
         <run_address>0x5bd2</run_address>
         <size>0x2ca</size>
         <input_file_ref idref="fl-3"/>
      </object_component>
      <object_component id="oc-27">
         <name>.debug_info</name>
         <load_address>0x5e9c</load_address>
         <run_address>0x5e9c</run_address>
         <size>0xf6</size>
         <input_file_ref idref="fl-3"/>
      </object_component>
      <object_component id="oc-68">
         <name>.debug_info</name>
         <load_address>0x5f92</load_address>
         <run_address>0x5f92</run_address>
         <size>0x159</size>
         <input_file_ref idref="fl-3"/>
      </object_component>
      <object_component id="oc-6e">
         <name>.debug_info</name>
         <load_address>0x60eb</load_address>
         <run_address>0x60eb</run_address>
         <size>0x141</size>
         <input_file_ref idref="fl-3"/>
      </object_component>
      <object_component id="oc-2a">
         <name>.debug_info</name>
         <load_address>0x622c</load_address>
         <run_address>0x622c</run_address>
         <size>0x10b</size>
         <input_file_ref idref="fl-c6"/>
      </object_component>
      <object_component id="oc-50">
         <name>.debug_info</name>
         <load_address>0x6337</load_address>
         <run_address>0x6337</run_address>
         <size>0x1a2</size>
         <input_file_ref idref="fl-c6"/>
      </object_component>
      <object_component id="oc-94">
         <name>.debug_info</name>
         <load_address>0x64d9</load_address>
         <run_address>0x64d9</run_address>
         <size>0x153</size>
         <input_file_ref idref="fl-ca"/>
      </object_component>
      <object_component id="oc-d6">
         <name>.debug_info</name>
         <load_address>0x662c</load_address>
         <run_address>0x662c</run_address>
         <size>0x122</size>
         <input_file_ref idref="fl-cc"/>
      </object_component>
      <object_component id="oc-1a8">
         <name>.debug_info</name>
         <load_address>0x674e</load_address>
         <run_address>0x674e</run_address>
         <size>0x9e</size>
      </object_component>
      <object_component id="oc-13b">
         <name>.debug_line</name>
         <load_address>0x0</load_address>
         <run_address>0x0</run_address>
         <size>0x20</size>
         <input_file_ref idref="fl-1"/>
      </object_component>
      <object_component id="oc-9d">
         <name>.debug_line</name>
         <load_address>0x20</load_address>
         <run_address>0x20</run_address>
         <size>0x7c</size>
         <input_file_ref idref="fl-1"/>
      </object_component>
      <object_component id="oc-b8">
         <name>.debug_line</name>
         <load_address>0x9c</load_address>
         <run_address>0x9c</run_address>
         <size>0x7a</size>
         <input_file_ref idref="fl-1"/>
      </object_component>
      <object_component id="oc-144">
         <name>.debug_line</name>
         <load_address>0x116</load_address>
         <run_address>0x116</run_address>
         <size>0x83</size>
         <input_file_ref idref="fl-1"/>
      </object_component>
      <object_component id="oc-13f">
         <name>.debug_line</name>
         <load_address>0x199</load_address>
         <run_address>0x199</run_address>
         <size>0x86</size>
         <input_file_ref idref="fl-1"/>
      </object_component>
      <object_component id="oc-ce">
         <name>.debug_line</name>
         <load_address>0x21f</load_address>
         <run_address>0x21f</run_address>
         <size>0x20</size>
         <input_file_ref idref="fl-1"/>
      </object_component>
      <object_component id="oc-117">
         <name>.debug_line</name>
         <load_address>0x23f</load_address>
         <run_address>0x23f</run_address>
         <size>0x7e</size>
         <input_file_ref idref="fl-1"/>
      </object_component>
      <object_component id="oc-d3">
         <name>.debug_line</name>
         <load_address>0x2bd</load_address>
         <run_address>0x2bd</run_address>
         <size>0x7b</size>
         <input_file_ref idref="fl-1"/>
      </object_component>
      <object_component id="oc-af">
         <name>.debug_line</name>
         <load_address>0x338</load_address>
         <run_address>0x338</run_address>
         <size>0x72</size>
         <input_file_ref idref="fl-2"/>
      </object_component>
      <object_component id="oc-35">
         <name>.debug_line</name>
         <load_address>0x3aa</load_address>
         <run_address>0x3aa</run_address>
         <size>0x20</size>
         <input_file_ref idref="fl-2"/>
      </object_component>
      <object_component id="oc-b4">
         <name>.debug_line</name>
         <load_address>0x3ca</load_address>
         <run_address>0x3ca</run_address>
         <size>0x44</size>
         <input_file_ref idref="fl-3"/>
      </object_component>
      <object_component id="oc-74">
         <name>.debug_line</name>
         <load_address>0x40e</load_address>
         <run_address>0x40e</run_address>
         <size>0x44</size>
         <input_file_ref idref="fl-3"/>
      </object_component>
      <object_component id="oc-6b">
         <name>.debug_line</name>
         <load_address>0x452</load_address>
         <run_address>0x452</run_address>
         <size>0x5d</size>
         <input_file_ref idref="fl-3"/>
      </object_component>
      <object_component id="oc-71">
         <name>.debug_line</name>
         <load_address>0x4af</load_address>
         <run_address>0x4af</run_address>
         <size>0x59</size>
         <input_file_ref idref="fl-3"/>
      </object_component>
      <object_component id="oc-77">
         <name>.debug_line</name>
         <load_address>0x508</load_address>
         <run_address>0x508</run_address>
         <size>0x33</size>
         <input_file_ref idref="fl-c6"/>
      </object_component>
      <object_component id="oc-53">
         <name>.debug_line</name>
         <load_address>0x53b</load_address>
         <run_address>0x53b</run_address>
         <size>0x48</size>
         <input_file_ref idref="fl-c6"/>
      </object_component>
      <object_component id="oc-97">
         <name>.debug_line</name>
         <load_address>0x583</load_address>
         <run_address>0x583</run_address>
         <size>0x40</size>
         <input_file_ref idref="fl-ca"/>
      </object_component>
      <object_component id="oc-d9">
         <name>.debug_line</name>
         <load_address>0x5c3</load_address>
         <run_address>0x5c3</run_address>
         <size>0x3c</size>
         <input_file_ref idref="fl-cc"/>
      </object_component>
      <object_component id="oc-9e">
         <name>.debug_frame</name>
         <load_address>0x0</load_address>
         <run_address>0x0</run_address>
         <size>0x5c</size>
         <input_file_ref idref="fl-1"/>
      </object_component>
      <object_component id="oc-b0">
         <name>.debug_frame</name>
         <load_address>0x5c</load_address>
         <run_address>0x5c</run_address>
         <size>0x54</size>
         <input_file_ref idref="fl-2"/>
      </object_component>
      <object_component id="oc-6c">
         <name>.debug_frame</name>
         <load_address>0xb0</load_address>
         <run_address>0xb0</run_address>
         <size>0x58</size>
         <input_file_ref idref="fl-3"/>
      </object_component>
      <object_component id="oc-72">
         <name>.debug_frame</name>
         <load_address>0x108</load_address>
         <run_address>0x108</run_address>
         <size>0x54</size>
         <input_file_ref idref="fl-3"/>
      </object_component>
      <object_component id="oc-54">
         <name>.debug_frame</name>
         <load_address>0x15c</load_address>
         <run_address>0x15c</run_address>
         <size>0x50</size>
         <input_file_ref idref="fl-c6"/>
      </object_component>
      <object_component id="oc-98">
         <name>.debug_frame</name>
         <load_address>0x1ac</load_address>
         <run_address>0x1ac</run_address>
         <size>0x54</size>
         <input_file_ref idref="fl-ca"/>
      </object_component>
      <object_component id="oc-da">
         <name>.debug_frame</name>
         <load_address>0x200</load_address>
         <run_address>0x200</run_address>
         <size>0x54</size>
         <input_file_ref idref="fl-cc"/>
      </object_component>
      <object_component id="oc-13a">
         <name>.debug_abbrev</name>
         <load_address>0x0</load_address>
         <run_address>0x0</run_address>
         <size>0x7a</size>
         <input_file_ref idref="fl-1"/>
      </object_component>
      <object_component id="oc-ca">
         <name>.debug_abbrev</name>
         <load_address>0x7a</load_address>
         <run_address>0x7a</run_address>
         <size>0x6e</size>
         <input_file_ref idref="fl-1"/>
      </object_component>
      <object_component id="oc-b7">
         <name>.debug_abbrev</name>
         <load_address>0xe8</load_address>
         <run_address>0xe8</run_address>
         <size>0x69</size>
         <input_file_ref idref="fl-1"/>
      </object_component>
      <object_component id="oc-143">
         <name>.debug_abbrev</name>
         <load_address>0x151</load_address>
         <run_address>0x151</run_address>
         <size>0x97</size>
         <input_file_ref idref="fl-1"/>
      </object_component>
      <object_component id="oc-13e">
         <name>.debug_abbrev</name>
         <load_address>0x1e8</load_address>
         <run_address>0x1e8</run_address>
         <size>0xbd</size>
         <input_file_ref idref="fl-1"/>
      </object_component>
      <object_component id="oc-cd">
         <name>.debug_abbrev</name>
         <load_address>0x2a5</load_address>
         <run_address>0x2a5</run_address>
         <size>0x1f</size>
         <input_file_ref idref="fl-1"/>
      </object_component>
      <object_component id="oc-116">
         <name>.debug_abbrev</name>
         <load_address>0x2c4</load_address>
         <run_address>0x2c4</run_address>
         <size>0x5c</size>
         <input_file_ref idref="fl-1"/>
      </object_component>
      <object_component id="oc-d2">
         <name>.debug_abbrev</name>
         <load_address>0x320</load_address>
         <run_address>0x320</run_address>
         <size>0x24</size>
         <input_file_ref idref="fl-1"/>
      </object_component>
      <object_component id="oc-113">
         <name>.debug_abbrev</name>
         <load_address>0x344</load_address>
         <run_address>0x344</run_address>
         <size>0x50</size>
         <input_file_ref idref="fl-2"/>
      </object_component>
      <object_component id="oc-34">
         <name>.debug_abbrev</name>
         <load_address>0x394</load_address>
         <run_address>0x394</run_address>
         <size>0x1f</size>
         <input_file_ref idref="fl-2"/>
      </object_component>
      <object_component id="oc-b3">
         <name>.debug_abbrev</name>
         <load_address>0x3b3</load_address>
         <run_address>0x3b3</run_address>
         <size>0x7c</size>
         <input_file_ref idref="fl-3"/>
      </object_component>
      <object_component id="oc-73">
         <name>.debug_abbrev</name>
         <load_address>0x42f</load_address>
         <run_address>0x42f</run_address>
         <size>0x29</size>
         <input_file_ref idref="fl-3"/>
      </object_component>
      <object_component id="oc-b1">
         <name>.debug_abbrev</name>
         <load_address>0x458</load_address>
         <run_address>0x458</run_address>
         <size>0x5e</size>
         <input_file_ref idref="fl-3"/>
      </object_component>
      <object_component id="oc-b2">
         <name>.debug_abbrev</name>
         <load_address>0x4b6</load_address>
         <run_address>0x4b6</run_address>
         <size>0x42</size>
         <input_file_ref idref="fl-3"/>
      </object_component>
      <object_component id="oc-76">
         <name>.debug_abbrev</name>
         <load_address>0x4f8</load_address>
         <run_address>0x4f8</run_address>
         <size>0x29</size>
         <input_file_ref idref="fl-c6"/>
      </object_component>
      <object_component id="oc-a0">
         <name>.debug_abbrev</name>
         <load_address>0x521</load_address>
         <run_address>0x521</run_address>
         <size>0x55</size>
         <input_file_ref idref="fl-c6"/>
      </object_component>
      <object_component id="oc-c9">
         <name>.debug_abbrev</name>
         <load_address>0x576</load_address>
         <run_address>0x576</run_address>
         <size>0x55</size>
         <input_file_ref idref="fl-ca"/>
      </object_component>
      <object_component id="oc-11a">
         <name>.debug_abbrev</name>
         <load_address>0x5cb</load_address>
         <run_address>0x5cb</run_address>
         <size>0x45</size>
         <input_file_ref idref="fl-cc"/>
      </object_component>
      <object_component id="oc-1a9">
         <name>.debug_abbrev</name>
         <load_address>0x610</load_address>
         <run_address>0x610</run_address>
         <size>0xf</size>
      </object_component>
      <object_component id="oc-b9">
         <name>.debug_str</name>
         <load_address>0x0</load_address>
         <run_address>0x0</run_address>
         <size>0x2ba</size>
         <input_file_ref idref="fl-1"/>
      </object_component>
      <object_component id="oc-145">
         <name>.debug_str</name>
         <load_address>0x2ba</load_address>
         <run_address>0x2ba</run_address>
         <size>0x49c</size>
         <input_file_ref idref="fl-1"/>
      </object_component>
      <object_component id="oc-140">
         <name>.debug_str</name>
         <load_address>0x756</load_address>
         <run_address>0x756</run_address>
         <size>0x1822</size>
         <input_file_ref idref="fl-1"/>
      </object_component>
      <object_component id="oc-cf">
         <name>.debug_str</name>
         <load_address>0x1f78</load_address>
         <run_address>0x1f78</run_address>
         <size>0xff</size>
         <input_file_ref idref="fl-1"/>
      </object_component>
      <object_component id="oc-118">
         <name>.debug_str</name>
         <load_address>0x2077</load_address>
         <run_address>0x2077</run_address>
         <size>0x350</size>
         <input_file_ref idref="fl-1"/>
      </object_component>
      <object_component id="oc-d4">
         <name>.debug_str</name>
         <load_address>0x23c7</load_address>
         <run_address>0x23c7</run_address>
         <size>0x152</size>
         <input_file_ref idref="fl-1"/>
      </object_component>
      <object_component id="oc-36">
         <name>.debug_str</name>
         <load_address>0x2519</load_address>
         <run_address>0x2519</run_address>
         <size>0xff</size>
         <input_file_ref idref="fl-2"/>
      </object_component>
      <object_component id="oc-9b">
         <name>.debug_aranges</name>
         <load_address>0x0</load_address>
         <run_address>0x0</run_address>
         <size>0x20</size>
         <input_file_ref idref="fl-1"/>
      </object_component>
      <object_component id="oc-ad">
         <name>.debug_aranges</name>
         <load_address>0x20</load_address>
         <run_address>0x20</run_address>
         <size>0x20</size>
         <input_file_ref idref="fl-2"/>
      </object_component>
      <object_component id="oc-69">
         <name>.debug_aranges</name>
         <load_address>0x40</load_address>
         <run_address>0x40</run_address>
         <size>0x20</size>
         <input_file_ref idref="fl-3"/>
      </object_component>
      <object_component id="oc-6f">
         <name>.debug_aranges</name>
         <load_address>0x60</load_address>
         <run_address>0x60</run_address>
         <size>0x20</size>
         <input_file_ref idref="fl-3"/>
      </object_component>
      <object_component id="oc-51">
         <name>.debug_aranges</name>
         <load_address>0x80</load_address>
         <run_address>0x80</run_address>
         <size>0x20</size>
         <input_file_ref idref="fl-c6"/>
      </object_component>
      <object_component id="oc-95">
         <name>.debug_aranges</name>
         <load_address>0xa0</load_address>
         <run_address>0xa0</run_address>
         <size>0x20</size>
         <input_file_ref idref="fl-ca"/>
      </object_component>
      <object_component id="oc-d7">
         <name>.debug_aranges</name>
         <load_address>0xc0</load_address>
         <run_address>0xc0</run_address>
         <size>0x20</size>
         <input_file_ref idref="fl-cc"/>
      </object_component>
      <object_component id="oc-9c">
         <name>.debug_pubnames</name>
         <load_address>0x0</load_address>
         <run_address>0x0</run_address>
         <size>0x1b</size>
         <input_file_ref idref="fl-1"/>
      </object_component>
      <object_component id="oc-ae">
         <name>.debug_pubnames</name>
         <load_address>0x1b</load_address>
         <run_address>0x1b</run_address>
         <size>0x21</size>
         <input_file_ref idref="fl-2"/>
      </object_component>
      <object_component id="oc-28">
         <name>.debug_pubnames</name>
         <load_address>0x3c</load_address>
         <run_address>0x3c</run_address>
         <size>0x27</size>
         <input_file_ref idref="fl-3"/>
      </object_component>
      <object_component id="oc-6a">
         <name>.debug_pubnames</name>
         <load_address>0x63</load_address>
         <run_address>0x63</run_address>
         <size>0x24</size>
         <input_file_ref idref="fl-3"/>
      </object_component>
      <object_component id="oc-70">
         <name>.debug_pubnames</name>
         <load_address>0x87</load_address>
         <run_address>0x87</run_address>
         <size>0x26</size>
         <input_file_ref idref="fl-3"/>
      </object_component>
      <object_component id="oc-2b">
         <name>.debug_pubnames</name>
         <load_address>0xad</load_address>
         <run_address>0xad</run_address>
         <size>0x1e</size>
         <input_file_ref idref="fl-c6"/>
      </object_component>
      <object_component id="oc-52">
         <name>.debug_pubnames</name>
         <load_address>0xcb</load_address>
         <run_address>0xcb</run_address>
         <size>0x2d</size>
         <input_file_ref idref="fl-c6"/>
      </object_component>
      <object_component id="oc-96">
         <name>.debug_pubnames</name>
         <load_address>0xf8</load_address>
         <run_address>0xf8</run_address>
         <size>0x27</size>
         <input_file_ref idref="fl-ca"/>
      </object_component>
      <object_component id="oc-d8">
         <name>.debug_pubnames</name>
         <load_address>0x11f</load_address>
         <run_address>0x11f</run_address>
         <size>0x1c</size>
         <input_file_ref idref="fl-cc"/>
      </object_component>
      <object_component id="oc-b6">
         <name>.debug_pubtypes</name>
         <load_address>0x0</load_address>
         <run_address>0x0</run_address>
         <size>0x25c</size>
         <input_file_ref idref="fl-1"/>
      </object_component>
      <object_component id="oc-142">
         <name>.debug_pubtypes</name>
         <load_address>0x25c</load_address>
         <run_address>0x25c</run_address>
         <size>0xdd</size>
         <input_file_ref idref="fl-1"/>
      </object_component>
      <object_component id="oc-13d">
         <name>.debug_pubtypes</name>
         <load_address>0x339</load_address>
         <run_address>0x339</run_address>
         <size>0x2e3</size>
         <input_file_ref idref="fl-1"/>
      </object_component>
      <object_component id="oc-cc">
         <name>.debug_pubtypes</name>
         <load_address>0x61c</load_address>
         <run_address>0x61c</run_address>
         <size>0xff</size>
         <input_file_ref idref="fl-1"/>
      </object_component>
      <object_component id="oc-115">
         <name>.debug_pubtypes</name>
         <load_address>0x71b</load_address>
         <run_address>0x71b</run_address>
         <size>0x330</size>
         <input_file_ref idref="fl-1"/>
      </object_component>
      <object_component id="oc-d1">
         <name>.debug_pubtypes</name>
         <load_address>0xa4b</load_address>
         <run_address>0xa4b</run_address>
         <size>0xaa</size>
         <input_file_ref idref="fl-1"/>
      </object_component>
      <object_component id="oc-33">
         <name>.debug_pubtypes</name>
         <load_address>0xaf5</load_address>
         <run_address>0xaf5</run_address>
         <size>0xed</size>
         <input_file_ref idref="fl-2"/>
      </object_component>
   </object_component_list>
   <logical_group_list>
      <logical_group id="lg-3" display="no" color="cyan">
         <name>.intvecs</name>
         <load_address>0x0</load_address>
         <run_address>0x0</run_address>
         <size>0xe8</size>
         <contents>
            <object_component_ref idref="oc-26"/>
         </contents>
      </logical_group>
      <logical_group id="lg-4" display="no" color="cyan">
         <name>.text</name>
         <load_address>0xe8</load_address>
         <run_address>0xe8</run_address>
         <size>0x212</size>
         <contents>
            <object_component_ref idref="oc-99"/>
            <object_component_ref idref="oc-ab"/>
            <object_component_ref idref="oc-4f"/>
            <object_component_ref idref="oc-67"/>
            <object_component_ref idref="oc-93"/>
            <object_component_ref idref="oc-d5"/>
            <object_component_ref idref="oc-6d"/>
         </contents>
      </logical_group>
      <logical_group id="lg-5" display="no" color="cyan">
         <name>.const</name>
         <run_address>0x0</run_address>
         <size>0x0</size>
         <contents>
         </contents>
      </logical_group>
      <logical_group id="lg-6" display="no" color="cyan">
         <name>.cinit</name>
         <run_address>0x0</run_address>
         <size>0x0</size>
         <contents>
         </contents>
      </logical_group>
      <logical_group id="lg-7" display="no" color="cyan">
         <name>.pinit</name>
         <run_address>0x0</run_address>
         <size>0x0</size>
         <contents>
         </contents>
      </logical_group>
      <logical_group id="lg-8" display="no" color="cyan">
         <name>.init_array</name>
         <run_address>0x0</run_address>
         <size>0x0</size>
         <contents>
         </contents>
      </logical_group>
      <logical_group id="lg-9" display="no" color="cyan">
         <name>.binit</name>
         <load_address>0x0</load_address>
         <run_address>0x0</run_address>
         <size>0x0</size>
         <contents>
            <object_component_ref idref="oc-179"/>
         </contents>
      </logical_group>
      <logical_group id="lg-a" display="no" color="cyan">
         <name>.flashMailbox</name>
         <run_address>0x0</run_address>
         <size>0x0</size>
         <contents>
         </contents>
      </logical_group>
      <logical_group id="lg-b" display="no" color="cyan">
         <name>.tlvTable</name>
         <run_address>0x0</run_address>
         <size>0x0</size>
         <contents>
         </contents>
      </logical_group>
      <logical_group id="lg-c" display="no" color="cyan">
         <name>.bslArea</name>
         <run_address>0x0</run_address>
         <size>0x0</size>
         <contents>
         </contents>
      </logical_group>
      <logical_group id="lg-d" display="no" color="cyan">
         <name>.vtable</name>
         <run_address>0x0</run_address>
         <size>0x0</size>
         <contents>
         </contents>
      </logical_group>
      <logical_group id="lg-e" display="no" color="cyan">
         <name>.data</name>
         <run_address>0x0</run_address>
         <size>0x0</size>
         <contents>
         </contents>
      </logical_group>
      <logical_group id="lg-f" display="no" color="cyan">
         <name>.bss</name>
         <run_address>0x0</run_address>
         <size>0x0</size>
         <contents>
         </contents>
      </logical_group>
      <logical_group id="lg-10" display="no" color="cyan">
         <name>.sysmem</name>
         <run_address>0x0</run_address>
         <size>0x0</size>
         <contents>
         </contents>
      </logical_group>
      <logical_group id="lg-11" display="no" color="cyan">
         <name>.stack</name>
         <run_address>0x2003fe00</run_address>
         <size>0x200</size>
         <contents>
            <object_component_ref idref="oc-29"/>
            <object_component_ref idref="oc-1a7"/>
         </contents>
      </logical_group>
      <logical_group id="lg-12" display="no" color="cyan">
         <name>.TI.ramfunc</name>
         <run_address>0x0</run_address>
         <size>0x0</size>
         <contents>
         </contents>
      </logical_group>
      <logical_group id="lg-176" display="no" color="cyan">
         <name>.TI.noinit</name>
         <run_address>0x0</run_address>
         <size>0x0</size>
         <contents>
         </contents>
      </logical_group>
      <logical_group id="lg-177" display="no" color="cyan">
         <name>.TI.persistent</name>
         <run_address>0x0</run_address>
         <size>0x0</size>
         <contents>
         </contents>
      </logical_group>
      <logical_group id="lg-178" display="no" color="cyan">
         <name>__llvm_prf_cnts</name>
         <run_address>0x20000000</run_address>
         <size>0x0</size>
         <contents>
         </contents>
      </logical_group>
      <logical_group id="lg-18d" display="never" color="cyan">
         <name>.debug_info</name>
         <load_address>0x0</load_address>
         <run_address>0x0</run_address>
         <size>0x67ec</size>
         <contents>
            <object_component_ref idref="oc-119"/>
            <object_component_ref idref="oc-9a"/>
            <object_component_ref idref="oc-b5"/>
            <object_component_ref idref="oc-141"/>
            <object_component_ref idref="oc-13c"/>
            <object_component_ref idref="oc-cb"/>
            <object_component_ref idref="oc-114"/>
            <object_component_ref idref="oc-d0"/>
            <object_component_ref idref="oc-ac"/>
            <object_component_ref idref="oc-32"/>
            <object_component_ref idref="oc-75"/>
            <object_component_ref idref="oc-27"/>
            <object_component_ref idref="oc-68"/>
            <object_component_ref idref="oc-6e"/>
            <object_component_ref idref="oc-2a"/>
            <object_component_ref idref="oc-50"/>
            <object_component_ref idref="oc-94"/>
            <object_component_ref idref="oc-d6"/>
            <object_component_ref idref="oc-1a8"/>
         </contents>
      </logical_group>
      <logical_group id="lg-18f" display="never" color="cyan">
         <name>.debug_line</name>
         <load_address>0x0</load_address>
         <run_address>0x0</run_address>
         <size>0x5ff</size>
         <contents>
            <object_component_ref idref="oc-13b"/>
            <object_component_ref idref="oc-9d"/>
            <object_component_ref idref="oc-b8"/>
            <object_component_ref idref="oc-144"/>
            <object_component_ref idref="oc-13f"/>
            <object_component_ref idref="oc-ce"/>
            <object_component_ref idref="oc-117"/>
            <object_component_ref idref="oc-d3"/>
            <object_component_ref idref="oc-af"/>
            <object_component_ref idref="oc-35"/>
            <object_component_ref idref="oc-b4"/>
            <object_component_ref idref="oc-74"/>
            <object_component_ref idref="oc-6b"/>
            <object_component_ref idref="oc-71"/>
            <object_component_ref idref="oc-77"/>
            <object_component_ref idref="oc-53"/>
            <object_component_ref idref="oc-97"/>
            <object_component_ref idref="oc-d9"/>
         </contents>
      </logical_group>
      <logical_group id="lg-191" display="never" color="cyan">
         <name>.debug_frame</name>
         <load_address>0x0</load_address>
         <run_address>0x0</run_address>
         <size>0x254</size>
         <contents>
            <object_component_ref idref="oc-9e"/>
            <object_component_ref idref="oc-b0"/>
            <object_component_ref idref="oc-6c"/>
            <object_component_ref idref="oc-72"/>
            <object_component_ref idref="oc-54"/>
            <object_component_ref idref="oc-98"/>
            <object_component_ref idref="oc-da"/>
         </contents>
      </logical_group>
      <logical_group id="lg-193" display="never" color="cyan">
         <name>.debug_abbrev</name>
         <load_address>0x0</load_address>
         <run_address>0x0</run_address>
         <size>0x61f</size>
         <contents>
            <object_component_ref idref="oc-13a"/>
            <object_component_ref idref="oc-ca"/>
            <object_component_ref idref="oc-b7"/>
            <object_component_ref idref="oc-143"/>
            <object_component_ref idref="oc-13e"/>
            <object_component_ref idref="oc-cd"/>
            <object_component_ref idref="oc-116"/>
            <object_component_ref idref="oc-d2"/>
            <object_component_ref idref="oc-113"/>
            <object_component_ref idref="oc-34"/>
            <object_component_ref idref="oc-b3"/>
            <object_component_ref idref="oc-73"/>
            <object_component_ref idref="oc-b1"/>
            <object_component_ref idref="oc-b2"/>
            <object_component_ref idref="oc-76"/>
            <object_component_ref idref="oc-a0"/>
            <object_component_ref idref="oc-c9"/>
            <object_component_ref idref="oc-11a"/>
            <object_component_ref idref="oc-1a9"/>
         </contents>
      </logical_group>
      <logical_group id="lg-195" display="never" color="cyan">
         <name>.debug_str</name>
         <load_address>0x0</load_address>
         <run_address>0x0</run_address>
         <size>0x2618</size>
         <contents>
            <object_component_ref idref="oc-b9"/>
            <object_component_ref idref="oc-145"/>
            <object_component_ref idref="oc-140"/>
            <object_component_ref idref="oc-cf"/>
            <object_component_ref idref="oc-118"/>
            <object_component_ref idref="oc-d4"/>
            <object_component_ref idref="oc-36"/>
         </contents>
      </logical_group>
      <logical_group id="lg-197" display="never" color="cyan">
         <name>.debug_aranges</name>
         <load_address>0x0</load_address>
         <run_address>0x0</run_address>
         <size>0xe0</size>
         <contents>
            <object_component_ref idref="oc-9b"/>
            <object_component_ref idref="oc-ad"/>
            <object_component_ref idref="oc-69"/>
            <object_component_ref idref="oc-6f"/>
            <object_component_ref idref="oc-51"/>
            <object_component_ref idref="oc-95"/>
            <object_component_ref idref="oc-d7"/>
         </contents>
      </logical_group>
      <logical_group id="lg-199" display="never" color="cyan">
         <name>.debug_pubnames</name>
         <load_address>0x0</load_address>
         <run_address>0x0</run_address>
         <size>0x13b</size>
         <contents>
            <object_component_ref idref="oc-9c"/>
            <object_component_ref idref="oc-ae"/>
            <object_component_ref idref="oc-28"/>
            <object_component_ref idref="oc-6a"/>
            <object_component_ref idref="oc-70"/>
            <object_component_ref idref="oc-2b"/>
            <object_component_ref idref="oc-52"/>
            <object_component_ref idref="oc-96"/>
            <object_component_ref idref="oc-d8"/>
         </contents>
      </logical_group>
      <logical_group id="lg-19b" display="never" color="cyan">
         <name>.debug_pubtypes</name>
         <load_address>0x0</load_address>
         <run_address>0x0</run_address>
         <size>0xbe2</size>
         <contents>
            <object_component_ref idref="oc-b6"/>
            <object_component_ref idref="oc-142"/>
            <object_component_ref idref="oc-13d"/>
            <object_component_ref idref="oc-cc"/>
            <object_component_ref idref="oc-115"/>
            <object_component_ref idref="oc-d1"/>
            <object_component_ref idref="oc-33"/>
         </contents>
      </logical_group>
      <logical_group id="lg-1a6" display="no" color="cyan">
         <name>Veneer$$CMSE</name>
         <run_address>0x0</run_address>
         <size>0x0</size>
         <contents>
         </contents>
      </logical_group>
      <load_segment id="lg-1aa" display="no" color="cyan">
         <name>SEGMENT_0</name>
         <load_address>0x0</load_address>
         <run_address>0x0</run_address>
         <size>0x2fa</size>
         <flags>0x5</flags>
         <contents>
            <logical_group_ref idref="lg-3"/>
            <logical_group_ref idref="lg-4"/>
         </contents>
      </load_segment>
      <load_segment id="lg-1ab" display="no" color="cyan">
         <name>SEGMENT_1</name>
         <run_address>0x2003fe00</run_address>
         <size>0x200</size>
         <flags>0x6</flags>
         <contents>
            <logical_group_ref idref="lg-11"/>
         </contents>
      </load_segment>
   </logical_group_list>
   <placement_map>
      <memory_area display="yes" color="green">
         <name>MAIN</name>
         <page_id>0x0</page_id>
         <origin>0x0</origin>
         <length>0x200000</length>
         <used_space>0x2fa</used_space>
         <unused_space>0x1ffd06</unused_space>
         <attributes>RX</attributes>
         <usage_details>
            <allocated_space>
               <start_address>0x0</start_address>
               <size>0x0</size>
               <logical_group_ref idref="lg-9"/>
            </allocated_space>
            <allocated_space>
               <start_address>0x0</start_address>
               <size>0xe8</size>
               <logical_group_ref idref="lg-3"/>
            </allocated_space>
            <allocated_space>
               <start_address>0xe8</start_address>
               <size>0x212</size>
               <logical_group_ref idref="lg-4"/>
            </allocated_space>
            <available_space>
               <start_address>0x2fa</start_address>
               <size>0x1ffd06</size>
            </available_space>
         </usage_details>
      </memory_area>
      <memory_area display="yes" color="green">
         <name>INFO</name>
         <page_id>0x0</page_id>
         <origin>0x200000</origin>
         <length>0x8000</length>
         <used_space>0x0</used_space>
         <unused_space>0x8000</unused_space>
         <attributes>RX</attributes>
         <usage_details>
         </usage_details>
      </memory_area>
      <memory_area display="yes" color="green">
         <name>SRAM_CODE</name>
         <page_id>0x0</page_id>
         <origin>0x1000000</origin>
         <length>0x40000</length>
         <used_space>0x200</used_space>
         <unused_space>0x3fe00</unused_space>
         <attributes>RWX</attributes>
         <usage_details>
            <allocated_space>
               <start_address>0x1000000</start_address>
               <size>0x0</size>
               <logical_group_ref idref="lg-178"/>
            </allocated_space>
            <available_space>
               <start_address>0x1000000</start_address>
               <size>0x3fe00</size>
            </available_space>
            <allocated_space>
               <start_address>0x103fe00</start_address>
               <size>0x200</size>
               <logical_group_ref idref="lg-11"/>
            </allocated_space>
         </usage_details>
      </memory_area>
      <memory_area display="yes" color="green">
         <name>SRAM_DATA</name>
         <page_id>0x0</page_id>
         <origin>0x20000000</origin>
         <length>0x40000</length>
         <used_space>0x200</used_space>
         <unused_space>0x3fe00</unused_space>
         <attributes>RW</attributes>
         <usage_details>
            <allocated_space>
               <start_address>0x20000000</start_address>
               <size>0x0</size>
               <logical_group_ref idref="lg-178"/>
            </allocated_space>
            <available_space>
               <start_address>0x20000000</start_address>
               <size>0x3fe00</size>
            </available_space>
            <allocated_space>
               <start_address>0x2003fe00</start_address>
               <size>0x200</size>
               <logical_group_ref idref="lg-11"/>
            </allocated_space>
         </usage_details>
      </memory_area>
   </placement_map>
   <symbol_table>
      <symbol id="sm-1">
         <name>WDTCTL_SYM</name>
         <value>0x4000480c</value>
      </symbol>
      <symbol id="sm-2">
         <name>__start___llvm_prf_cnts</name>
         <value>0x20000000</value>
      </symbol>
      <symbol id="sm-3">
         <name>__stop___llvm_prf_cnts</name>
         <value>0x20000000</value>
      </symbol>
      <symbol id="sm-4">
         <name>binit</name>
         <value>0xffffffff</value>
      </symbol>
      <symbol id="sm-5">
         <name>__binit__</name>
         <value>0xffffffff</value>
      </symbol>
      <symbol id="sm-6">
         <name>__STACK_SIZE</name>
         <value>0x200</value>
      </symbol>
      <symbol id="sm-7">
         <name>__STACK_END</name>
         <value>0x20040000</value>
      </symbol>
      <symbol id="sm-8">
         <name>__c_args__</name>
         <value>0xffffffff</value>
      </symbol>
      <symbol id="sm-9">
         <name>__TI_pprof_out_hndl</name>
         <value>0xffffffff</value>
      </symbol>
      <symbol id="sm-a">
         <name>__TI_prof_data_start</name>
         <value>0xffffffff</value>
      </symbol>
      <symbol id="sm-b">
         <name>__TI_prof_data_size</name>
         <value>0xffffffff</value>
      </symbol>
      <symbol id="sm-c">
         <name>__TI_static_base__</name>
         <value>0x0</value>
      </symbol>
      <symbol id="sm-5d">
         <name>main</name>
         <value>0xe9</value>
         <object_component_ref idref="oc-99"/>
      </symbol>
      <symbol id="sm-7b">
         <name>SystemInit</name>
         <value>0x225</value>
         <object_component_ref idref="oc-ab"/>
      </symbol>
      <symbol id="sm-97">
         <name>Reset_Handler</name>
         <value>0x2e5</value>
         <object_component_ref idref="oc-67"/>
      </symbol>
      <symbol id="sm-98">
         <name>Default_Handler</name>
         <value>0x2f9</value>
         <object_component_ref idref="oc-6d"/>
      </symbol>
      <symbol id="sm-99">
         <name>interruptVectors</name>
         <value>0x0</value>
         <object_component_ref idref="oc-26"/>
      </symbol>
      <symbol id="sm-af">
         <name>_c_int00_noinit_noargs</name>
         <value>0x2b9</value>
         <object_component_ref idref="oc-4f"/>
      </symbol>
      <symbol id="sm-b0">
         <name>__stack</name>
         <value>0x2003fe00</value>
         <object_component_ref idref="oc-29"/>
      </symbol>
      <symbol id="sm-bd">
         <name>_system_pre_init</name>
         <value>0x2f1</value>
         <object_component_ref idref="oc-93"/>
      </symbol>
      <symbol id="sm-c9">
         <name>C$$EXIT</name>
         <value>0x2f5</value>
         <object_component_ref idref="oc-d5"/>
      </symbol>
      <symbol id="sm-ca">
         <name>abort</name>
         <value>0x2f5</value>
         <object_component_ref idref="oc-d5"/>
      </symbol>
      <symbol id="sm-cd">
         <name>__mpu_init</name>
         <value>0x0</value>
      </symbol>
      <symbol id="sm-ce">
         <name>NMI_Handler</name>
         <value>0x2f9</value>
      </symbol>
      <symbol id="sm-cf">
         <name>HardFault_Handler</name>
         <value>0x2f9</value>
      </symbol>
      <symbol id="sm-d0">
         <name>MemManage_Handler</name>
         <value>0x2f9</value>
      </symbol>
      <symbol id="sm-d1">
         <name>BusFault_Handler</name>
         <value>0x2f9</value>
      </symbol>
      <symbol id="sm-d2">
         <name>UsageFault_Handler</name>
         <value>0x2f9</value>
      </symbol>
      <symbol id="sm-d3">
         <name>SVC_Handler</name>
         <value>0x2f9</value>
      </symbol>
      <symbol id="sm-d4">
         <name>DebugMon_Handler</name>
         <value>0x2f9</value>
      </symbol>
      <symbol id="sm-d5">
         <name>PendSV_Handler</name>
         <value>0x2f9</value>
      </symbol>
      <symbol id="sm-d6">
         <name>SysTick_Handler</name>
         <value>0x2f9</value>
      </symbol>
      <symbol id="sm-d7">
         <name>PSS_IRQHandler</name>
         <value>0x2f9</value>
      </symbol>
      <symbol id="sm-d8">
         <name>CS_IRQHandler</name>
         <value>0x2f9</value>
      </symbol>
      <symbol id="sm-d9">
         <name>PCM_IRQHandler</name>
         <value>0x2f9</value>
      </symbol>
      <symbol id="sm-da">
         <name>WDT_A_IRQHandler</name>
         <value>0x2f9</value>
      </symbol>
      <symbol id="sm-db">
         <name>FPU_IRQHandler</name>
         <value>0x2f9</value>
      </symbol>
      <symbol id="sm-dc">
         <name>FLCTL_A_IRQHandler</name>
         <value>0x2f9</value>
      </symbol>
      <symbol id="sm-dd">
         <name>COMP_E0_IRQHandler</name>
         <value>0x2f9</value>
      </symbol>
      <symbol id="sm-de">
         <name>COMP_E1_IRQHandler</name>
         <value>0x2f9</value>
      </symbol>
      <symbol id="sm-df">
         <name>TA0_0_IRQHandler</name>
         <value>0x2f9</value>
      </symbol>
      <symbol id="sm-e0">
         <name>TA0_N_IRQHandler</name>
         <value>0x2f9</value>
      </symbol>
      <symbol id="sm-e1">
         <name>TA1_0_IRQHandler</name>
         <value>0x2f9</value>
      </symbol>
      <symbol id="sm-e2">
         <name>TA1_N_IRQHandler</name>
         <value>0x2f9</value>
      </symbol>
      <symbol id="sm-e3">
         <name>TA2_0_IRQHandler</name>
         <value>0x2f9</value>
      </symbol>
      <symbol id="sm-e4">
         <name>TA2_N_IRQHandler</name>
         <value>0x2f9</value>
      </symbol>
      <symbol id="sm-e5">
         <name>TA3_0_IRQHandler</name>
         <value>0x2f9</value>
      </symbol>
      <symbol id="sm-e6">
         <name>TA3_N_IRQHandler</name>
         <value>0x2f9</value>
      </symbol>
      <symbol id="sm-e7">
         <name>EUSCIA0_IRQHandler</name>
         <value>0x2f9</value>
      </symbol>
      <symbol id="sm-e8">
         <name>EUSCIA1_IRQHandler</name>
         <value>0x2f9</value>
      </symbol>
      <symbol id="sm-e9">
         <name>EUSCIA2_IRQHandler</name>
         <value>0x2f9</value>
      </symbol>
      <symbol id="sm-ea">
         <name>EUSCIA3_IRQHandler</name>
         <value>0x2f9</value>
      </symbol>
      <symbol id="sm-eb">
         <name>EUSCIB0_IRQHandler</name>
         <value>0x2f9</value>
      </symbol>
      <symbol id="sm-ec">
         <name>EUSCIB1_IRQHandler</name>
         <value>0x2f9</value>
      </symbol>
      <symbol id="sm-ed">
         <name>EUSCIB2_IRQHandler</name>
         <value>0x2f9</value>
      </symbol>
      <symbol id="sm-ee">
         <name>EUSCIB3_IRQHandler</name>
         <value>0x2f9</value>
      </symbol>
      <symbol id="sm-ef">
         <name>ADC14_IRQHandler</name>
         <value>0x2f9</value>
      </symbol>
      <symbol id="sm-f0">
         <name>T32_INT1_IRQHandler</name>
         <value>0x2f9</value>
      </symbol>
      <symbol id="sm-f1">
         <name>T32_INT2_IRQHandler</name>
         <value>0x2f9</value>
      </symbol>
      <symbol id="sm-f2">
         <name>T32_INTC_IRQHandler</name>
         <value>0x2f9</value>
      </symbol>
      <symbol id="sm-f3">
         <name>AES256_IRQHandler</name>
         <value>0x2f9</value>
      </symbol>
      <symbol id="sm-f4">
         <name>RTC_C_IRQHandler</name>
         <value>0x2f9</value>
      </symbol>
      <symbol id="sm-f5">
         <name>DMA_ERR_IRQHandler</name>
         <value>0x2f9</value>
      </symbol>
      <symbol id="sm-f6">
         <name>DMA_INT3_IRQHandler</name>
         <value>0x2f9</value>
      </symbol>
      <symbol id="sm-f7">
         <name>DMA_INT2_IRQHandler</name>
         <value>0x2f9</value>
      </symbol>
      <symbol id="sm-f8">
         <name>DMA_INT1_IRQHandler</name>
         <value>0x2f9</value>
      </symbol>
      <symbol id="sm-f9">
         <name>DMA_INT0_IRQHandler</name>
         <value>0x2f9</value>
      </symbol>
      <symbol id="sm-fa">
         <name>PORT1_IRQHandler</name>
         <value>0x2f9</value>
      </symbol>
      <symbol id="sm-fb">
         <name>PORT2_IRQHandler</name>
         <value>0x2f9</value>
      </symbol>
      <symbol id="sm-fc">
         <name>PORT3_IRQHandler</name>
         <value>0x2f9</value>
      </symbol>
      <symbol id="sm-fd">
         <name>PORT4_IRQHandler</name>
         <value>0x2f9</value>
      </symbol>
      <symbol id="sm-fe">
         <name>PORT5_IRQHandler</name>
         <value>0x2f9</value>
      </symbol>
      <symbol id="sm-ff">
         <name>PORT6_IRQHandler</name>
         <value>0x2f9</value>
      </symbol>
      <symbol id="sm-100">
         <name>LCD_F_IRQHandler</name>
         <value>0x2f9</value>
      </symbol>
   </symbol_table>
   <title>Link successful</title>
</link_info>
