<?xml version="1.0" encoding="ISO-8859-1" ?>
<link_info>
   <banner>TI ARM Linker Unix v20.2.7.LTS</banner>
   <copyright>Copyright (c) 1996-2018 Texas Instruments Incorporated</copyright>
   <link_time>0x64135ef8</link_time>
   <link_errors>0x0</link_errors>
   <output_file>hw2_5.5.out</output_file>
   <entry_point>
      <name>_c_int00_noinit_noargs</name>
      <address>0x359</address>
   </entry_point>
   <input_file_list>
      <input_file id="fl-1">
         <path>./</path>
         <kind>object</kind>
         <file>main.obj</file>
         <name>main.obj</name>
      </input_file>
      <input_file id="fl-2">
         <path>./</path>
         <kind>object</kind>
         <file>system_msp432p4111.obj</file>
         <name>system_msp432p4111.obj</name>
      </input_file>
      <input_file id="fl-3">
         <path>./ccs/</path>
         <kind>object</kind>
         <file>startup_msp432p4111_ccs.obj</file>
         <name>startup_msp432p4111_ccs.obj</name>
      </input_file>
      <input_file id="fl-d">
         <kind>object</kind>
         <file>&lt;internal&gt;</file>
         <name>&lt;internal&gt;</name>
      </input_file>
      <input_file id="fl-e">
         <path>/Applications/ti/simplelink_msp432p4_sdk_3_40_01_02/source/ti/devices/msp432p4xx/driverlib/ccs/</path>
         <kind>archive</kind>
         <file>msp432p4xx_driverlib.lib</file>
         <name>gpio.o</name>
      </input_file>
      <input_file id="fl-f">
         <path>/Applications/ti/simplelink_msp432p4_sdk_3_40_01_02/source/ti/devices/msp432p4xx/driverlib/ccs/</path>
         <kind>archive</kind>
         <file>msp432p4xx_driverlib.lib</file>
         <name>interrupt.o</name>
      </input_file>
      <input_file id="fl-10">
         <path>/Applications/ti/simplelink_msp432p4_sdk_3_40_01_02/source/ti/devices/msp432p4xx/driverlib/ccs/</path>
         <kind>archive</kind>
         <file>msp432p4xx_driverlib.lib</file>
         <name>cpu.o</name>
      </input_file>
      <input_file id="fl-c6">
         <path>/Applications/ti/ccs1220/ccs/tools/compiler/ti-cgt-arm_20.2.7.LTS/lib/</path>
         <kind>archive</kind>
         <file>rtsv7M4_T_le_v4SPD16_eabi.lib</file>
         <name>copy_zero_init.c.obj</name>
      </input_file>
      <input_file id="fl-c7">
         <path>/Applications/ti/ccs1220/ccs/tools/compiler/ti-cgt-arm_20.2.7.LTS/lib/</path>
         <kind>archive</kind>
         <file>rtsv7M4_T_le_v4SPD16_eabi.lib</file>
         <name>copy_decompress_none.c.obj</name>
      </input_file>
      <input_file id="fl-c8">
         <path>/Applications/ti/ccs1220/ccs/tools/compiler/ti-cgt-arm_20.2.7.LTS/lib/</path>
         <kind>archive</kind>
         <file>rtsv7M4_T_le_v4SPD16_eabi.lib</file>
         <name>copy_decompress_lzss.c.obj</name>
      </input_file>
      <input_file id="fl-c9">
         <path>/Applications/ti/ccs1220/ccs/tools/compiler/ti-cgt-arm_20.2.7.LTS/lib/</path>
         <kind>archive</kind>
         <file>rtsv7M4_T_le_v4SPD16_eabi.lib</file>
         <name>boot_cortex_m.c.obj</name>
      </input_file>
      <input_file id="fl-ca">
         <path>/Applications/ti/ccs1220/ccs/tools/compiler/ti-cgt-arm_20.2.7.LTS/lib/</path>
         <kind>archive</kind>
         <file>rtsv7M4_T_le_v4SPD16_eabi.lib</file>
         <name>memcpy_t2.asm.obj</name>
      </input_file>
      <input_file id="fl-cb">
         <path>/Applications/ti/ccs1220/ccs/tools/compiler/ti-cgt-arm_20.2.7.LTS/lib/</path>
         <kind>archive</kind>
         <file>rtsv7M4_T_le_v4SPD16_eabi.lib</file>
         <name>memset_t2.asm.obj</name>
      </input_file>
      <input_file id="fl-cc">
         <path>/Applications/ti/ccs1220/ccs/tools/compiler/ti-cgt-arm_20.2.7.LTS/lib/</path>
         <kind>archive</kind>
         <file>rtsv7M4_T_le_v4SPD16_eabi.lib</file>
         <name>autoinit.c.obj</name>
      </input_file>
      <input_file id="fl-cd">
         <path>/Applications/ti/ccs1220/ccs/tools/compiler/ti-cgt-arm_20.2.7.LTS/lib/</path>
         <kind>archive</kind>
         <file>rtsv7M4_T_le_v4SPD16_eabi.lib</file>
         <name>pre_init.c.obj</name>
      </input_file>
      <input_file id="fl-ce">
         <path>/Applications/ti/ccs1220/ccs/tools/compiler/ti-cgt-arm_20.2.7.LTS/lib/</path>
         <kind>archive</kind>
         <file>rtsv7M4_T_le_v4SPD16_eabi.lib</file>
         <name>cpy_tbl.c.obj</name>
      </input_file>
      <input_file id="fl-cf">
         <path>/Applications/ti/ccs1220/ccs/tools/compiler/ti-cgt-arm_20.2.7.LTS/lib/</path>
         <kind>archive</kind>
         <file>rtsv7M4_T_le_v4SPD16_eabi.lib</file>
         <name>exit.c.obj</name>
      </input_file>
      <input_file id="fl-d0">
         <path>/Applications/ti/ccs1220/ccs/tools/compiler/ti-cgt-arm_20.2.7.LTS/lib/</path>
         <kind>archive</kind>
         <file>rtsv7M4_T_le_v4SPD16_eabi.lib</file>
         <name>_lock.c.obj</name>
      </input_file>
      <input_file id="fl-d1">
         <path>/Applications/ti/ccs1220/ccs/tools/compiler/ti-cgt-arm_20.2.7.LTS/lib/</path>
         <kind>archive</kind>
         <file>rtsv7M4_T_le_v4SPD16_eabi.lib</file>
         <name>args_main.c.obj</name>
      </input_file>
   </input_file_list>
   <object_component_list>
      <object_component id="oc-26">
         <name>.intvecs:retain</name>
         <load_address>0x0</load_address>
         <run_address>0x0</run_address>
         <size>0xe8</size>
         <input_file_ref idref="fl-3"/>
      </object_component>
      <object_component id="oc-99">
         <name>.text:main</name>
         <load_address>0xe8</load_address>
         <run_address>0xe8</run_address>
         <size>0x114</size>
         <input_file_ref idref="fl-1"/>
      </object_component>
      <object_component id="oc-ab">
         <name>.text:SystemInit</name>
         <load_address>0x1fc</load_address>
         <run_address>0x1fc</run_address>
         <size>0x94</size>
         <input_file_ref idref="fl-2"/>
      </object_component>
      <object_component id="oc-d0">
         <name>.text:GPIO_setAsInputPinWithPullUpResistor</name>
         <load_address>0x290</load_address>
         <run_address>0x290</run_address>
         <size>0x58</size>
         <input_file_ref idref="fl-e"/>
      </object_component>
      <object_component id="oc-ca">
         <name>.text:GPIO_setAsOutputPin</name>
         <load_address>0x2e8</load_address>
         <run_address>0x2e8</run_address>
         <size>0x40</size>
         <input_file_ref idref="fl-e"/>
      </object_component>
      <object_component id="oc-dc">
         <name>.text:GPIO_getInputPinValue</name>
         <load_address>0x328</load_address>
         <run_address>0x328</run_address>
         <size>0x30</size>
         <input_file_ref idref="fl-e"/>
      </object_component>
      <object_component id="oc-4f">
         <name>.text:_c_int00_noinit_noargs:_c_int00_noinit_noargs</name>
         <load_address>0x358</load_address>
         <run_address>0x358</run_address>
         <size>0x2c</size>
         <input_file_ref idref="fl-c9"/>
      </object_component>
      <object_component id="oc-e2">
         <name>.text:GPIO_setOutputHighOnPin</name>
         <load_address>0x384</load_address>
         <run_address>0x384</run_address>
         <size>0x28</size>
         <input_file_ref idref="fl-e"/>
      </object_component>
      <object_component id="oc-d6">
         <name>.text:GPIO_setOutputLowOnPin</name>
         <load_address>0x3ac</load_address>
         <run_address>0x3ac</run_address>
         <size>0x28</size>
         <input_file_ref idref="fl-e"/>
      </object_component>
      <object_component id="oc-67">
         <name>.text:Reset_Handler</name>
         <load_address>0x3d4</load_address>
         <run_address>0x3d4</run_address>
         <size>0xc</size>
         <input_file_ref idref="fl-3"/>
      </object_component>
      <object_component id="oc-93">
         <name>.text:_system_pre_init</name>
         <load_address>0x3e0</load_address>
         <run_address>0x3e0</run_address>
         <size>0x4</size>
         <input_file_ref idref="fl-cd"/>
      </object_component>
      <object_component id="oc-e9">
         <name>.text:abort:abort</name>
         <load_address>0x3e4</load_address>
         <run_address>0x3e4</run_address>
         <size>0x4</size>
         <input_file_ref idref="fl-cf"/>
      </object_component>
      <object_component id="oc-6d">
         <name>.text:Default_Handler</name>
         <load_address>0x3e8</load_address>
         <run_address>0x3e8</run_address>
         <size>0x2</size>
         <input_file_ref idref="fl-3"/>
      </object_component>
      <object_component id="oc-12e">
         <name>.const:GPIO_PORT_TO_BASE</name>
         <load_address>0x3ec</load_address>
         <run_address>0x3ec</run_address>
         <size>0x30</size>
         <input_file_ref idref="fl-e"/>
      </object_component>
      <object_component id="oc-1c2">
         <name>.binit</name>
         <load_address>0x0</load_address>
         <run_address>0x0</run_address>
         <size>0x0</size>
      </object_component>
      <object_component id="oc-29">
         <name>.stack</name>
         <uninitialized>true</uninitialized>
         <run_address>0x2003fe00</run_address>
         <size>0x4</size>
         <input_file_ref idref="fl-c9"/>
      </object_component>
      <object_component id="oc-1f0">
         <name>.stack</name>
         <uninitialized>true</uninitialized>
         <run_address>0x2003fe00</run_address>
         <size>0x0</size>
      </object_component>
      <object_component id="oc-12d">
         <name>.debug_info</name>
         <load_address>0x0</load_address>
         <run_address>0x0</run_address>
         <size>0x6d8</size>
         <input_file_ref idref="fl-1"/>
      </object_component>
      <object_component id="oc-9a">
         <name>.debug_info</name>
         <load_address>0x6d8</load_address>
         <run_address>0x6d8</run_address>
         <size>0x2ef</size>
         <input_file_ref idref="fl-1"/>
      </object_component>
      <object_component id="oc-b5">
         <name>.debug_info</name>
         <load_address>0x9c7</load_address>
         <run_address>0x9c7</run_address>
         <size>0x26b</size>
         <input_file_ref idref="fl-1"/>
      </object_component>
      <object_component id="oc-167">
         <name>.debug_info</name>
         <load_address>0xc32</load_address>
         <run_address>0xc32</run_address>
         <size>0x1028</size>
         <input_file_ref idref="fl-1"/>
      </object_component>
      <object_component id="oc-162">
         <name>.debug_info</name>
         <load_address>0x1c5a</load_address>
         <run_address>0x1c5a</run_address>
         <size>0x3c27</size>
         <input_file_ref idref="fl-1"/>
      </object_component>
      <object_component id="oc-32">
         <name>.debug_info</name>
         <load_address>0x5881</load_address>
         <run_address>0x5881</run_address>
         <size>0x84</size>
         <input_file_ref idref="fl-1"/>
      </object_component>
      <object_component id="oc-128">
         <name>.debug_info</name>
         <load_address>0x5905</load_address>
         <run_address>0x5905</run_address>
         <size>0x2a4</size>
         <input_file_ref idref="fl-1"/>
      </object_component>
      <object_component id="oc-171">
         <name>.debug_info</name>
         <load_address>0x5ba9</load_address>
         <run_address>0x5ba9</run_address>
         <size>0xef</size>
         <input_file_ref idref="fl-1"/>
      </object_component>
      <object_component id="oc-16c">
         <name>.debug_info</name>
         <load_address>0x5c98</load_address>
         <run_address>0x5c98</run_address>
         <size>0xbb</size>
         <input_file_ref idref="fl-1"/>
      </object_component>
      <object_component id="oc-ac">
         <name>.debug_info</name>
         <load_address>0x5d53</load_address>
         <run_address>0x5d53</run_address>
         <size>0x12c</size>
         <input_file_ref idref="fl-2"/>
      </object_component>
      <object_component id="oc-75">
         <name>.debug_info</name>
         <load_address>0x5e7f</load_address>
         <run_address>0x5e7f</run_address>
         <size>0x2cc</size>
         <input_file_ref idref="fl-3"/>
      </object_component>
      <object_component id="oc-27">
         <name>.debug_info</name>
         <load_address>0x614b</load_address>
         <run_address>0x614b</run_address>
         <size>0xf8</size>
         <input_file_ref idref="fl-3"/>
      </object_component>
      <object_component id="oc-68">
         <name>.debug_info</name>
         <load_address>0x6243</load_address>
         <run_address>0x6243</run_address>
         <size>0x15b</size>
         <input_file_ref idref="fl-3"/>
      </object_component>
      <object_component id="oc-6e">
         <name>.debug_info</name>
         <load_address>0x639e</load_address>
         <run_address>0x639e</run_address>
         <size>0x143</size>
         <input_file_ref idref="fl-3"/>
      </object_component>
      <object_component id="oc-178">
         <name>.debug_info</name>
         <load_address>0x64e1</load_address>
         <run_address>0x64e1</run_address>
         <size>0x701</size>
         <input_file_ref idref="fl-e"/>
      </object_component>
      <object_component id="oc-12f">
         <name>.debug_info</name>
         <load_address>0x6be2</load_address>
         <run_address>0x6be2</run_address>
         <size>0x135</size>
         <input_file_ref idref="fl-e"/>
      </object_component>
      <object_component id="oc-cb">
         <name>.debug_info</name>
         <load_address>0x6d17</load_address>
         <run_address>0x6d17</run_address>
         <size>0x252</size>
         <input_file_ref idref="fl-e"/>
      </object_component>
      <object_component id="oc-e3">
         <name>.debug_info</name>
         <load_address>0x6f69</load_address>
         <run_address>0x6f69</run_address>
         <size>0x25a</size>
         <input_file_ref idref="fl-e"/>
      </object_component>
      <object_component id="oc-d7">
         <name>.debug_info</name>
         <load_address>0x71c3</load_address>
         <run_address>0x71c3</run_address>
         <size>0x258</size>
         <input_file_ref idref="fl-e"/>
      </object_component>
      <object_component id="oc-d1">
         <name>.debug_info</name>
         <load_address>0x741b</load_address>
         <run_address>0x741b</run_address>
         <size>0x274</size>
         <input_file_ref idref="fl-e"/>
      </object_component>
      <object_component id="oc-dd">
         <name>.debug_info</name>
         <load_address>0x768f</load_address>
         <run_address>0x768f</run_address>
         <size>0x27e</size>
         <input_file_ref idref="fl-e"/>
      </object_component>
      <object_component id="oc-1ab">
         <name>.debug_info</name>
         <load_address>0x790d</load_address>
         <run_address>0x790d</run_address>
         <size>0x26b</size>
         <input_file_ref idref="fl-e"/>
      </object_component>
      <object_component id="oc-1a6">
         <name>.debug_info</name>
         <load_address>0x7b78</load_address>
         <run_address>0x7b78</run_address>
         <size>0x1028</size>
         <input_file_ref idref="fl-e"/>
      </object_component>
      <object_component id="oc-1a1">
         <name>.debug_info</name>
         <load_address>0x8ba0</load_address>
         <run_address>0x8ba0</run_address>
         <size>0x431a</size>
         <input_file_ref idref="fl-e"/>
      </object_component>
      <object_component id="oc-179">
         <name>.debug_info</name>
         <load_address>0xceba</load_address>
         <run_address>0xceba</run_address>
         <size>0x297</size>
         <input_file_ref idref="fl-e"/>
      </object_component>
      <object_component id="oc-132">
         <name>.debug_info</name>
         <load_address>0xd151</load_address>
         <run_address>0xd151</run_address>
         <size>0xef</size>
         <input_file_ref idref="fl-e"/>
      </object_component>
      <object_component id="oc-137">
         <name>.debug_info</name>
         <load_address>0xd240</load_address>
         <run_address>0xd240</run_address>
         <size>0xbb</size>
         <input_file_ref idref="fl-e"/>
      </object_component>
      <object_component id="oc-2a">
         <name>.debug_info</name>
         <load_address>0xd2fb</load_address>
         <run_address>0xd2fb</run_address>
         <size>0x10b</size>
         <input_file_ref idref="fl-c9"/>
      </object_component>
      <object_component id="oc-50">
         <name>.debug_info</name>
         <load_address>0xd406</load_address>
         <run_address>0xd406</run_address>
         <size>0x1a2</size>
         <input_file_ref idref="fl-c9"/>
      </object_component>
      <object_component id="oc-94">
         <name>.debug_info</name>
         <load_address>0xd5a8</load_address>
         <run_address>0xd5a8</run_address>
         <size>0x153</size>
         <input_file_ref idref="fl-cd"/>
      </object_component>
      <object_component id="oc-ea">
         <name>.debug_info</name>
         <load_address>0xd6fb</load_address>
         <run_address>0xd6fb</run_address>
         <size>0x122</size>
         <input_file_ref idref="fl-cf"/>
      </object_component>
      <object_component id="oc-1f1">
         <name>.debug_info</name>
         <load_address>0xd81d</load_address>
         <run_address>0xd81d</run_address>
         <size>0xa0</size>
      </object_component>
      <object_component id="oc-161">
         <name>.debug_line</name>
         <load_address>0x0</load_address>
         <run_address>0x0</run_address>
         <size>0x85</size>
         <input_file_ref idref="fl-1"/>
      </object_component>
      <object_component id="oc-9d">
         <name>.debug_line</name>
         <load_address>0x85</load_address>
         <run_address>0x85</run_address>
         <size>0xae</size>
         <input_file_ref idref="fl-1"/>
      </object_component>
      <object_component id="oc-b8">
         <name>.debug_line</name>
         <load_address>0x133</load_address>
         <run_address>0x133</run_address>
         <size>0x7a</size>
         <input_file_ref idref="fl-1"/>
      </object_component>
      <object_component id="oc-16a">
         <name>.debug_line</name>
         <load_address>0x1ad</load_address>
         <run_address>0x1ad</run_address>
         <size>0x83</size>
         <input_file_ref idref="fl-1"/>
      </object_component>
      <object_component id="oc-165">
         <name>.debug_line</name>
         <load_address>0x230</load_address>
         <run_address>0x230</run_address>
         <size>0x86</size>
         <input_file_ref idref="fl-1"/>
      </object_component>
      <object_component id="oc-35">
         <name>.debug_line</name>
         <load_address>0x2b6</load_address>
         <run_address>0x2b6</run_address>
         <size>0x20</size>
         <input_file_ref idref="fl-1"/>
      </object_component>
      <object_component id="oc-12b">
         <name>.debug_line</name>
         <load_address>0x2d6</load_address>
         <run_address>0x2d6</run_address>
         <size>0x7e</size>
         <input_file_ref idref="fl-1"/>
      </object_component>
      <object_component id="oc-174">
         <name>.debug_line</name>
         <load_address>0x354</load_address>
         <run_address>0x354</run_address>
         <size>0x7a</size>
         <input_file_ref idref="fl-1"/>
      </object_component>
      <object_component id="oc-16f">
         <name>.debug_line</name>
         <load_address>0x3ce</load_address>
         <run_address>0x3ce</run_address>
         <size>0x7b</size>
         <input_file_ref idref="fl-1"/>
      </object_component>
      <object_component id="oc-af">
         <name>.debug_line</name>
         <load_address>0x449</load_address>
         <run_address>0x449</run_address>
         <size>0x72</size>
         <input_file_ref idref="fl-2"/>
      </object_component>
      <object_component id="oc-b4">
         <name>.debug_line</name>
         <load_address>0x4bb</load_address>
         <run_address>0x4bb</run_address>
         <size>0x44</size>
         <input_file_ref idref="fl-3"/>
      </object_component>
      <object_component id="oc-74">
         <name>.debug_line</name>
         <load_address>0x4ff</load_address>
         <run_address>0x4ff</run_address>
         <size>0x44</size>
         <input_file_ref idref="fl-3"/>
      </object_component>
      <object_component id="oc-6b">
         <name>.debug_line</name>
         <load_address>0x543</load_address>
         <run_address>0x543</run_address>
         <size>0x5d</size>
         <input_file_ref idref="fl-3"/>
      </object_component>
      <object_component id="oc-71">
         <name>.debug_line</name>
         <load_address>0x5a0</load_address>
         <run_address>0x5a0</run_address>
         <size>0x59</size>
         <input_file_ref idref="fl-3"/>
      </object_component>
      <object_component id="oc-1a0">
         <name>.debug_line</name>
         <load_address>0x5f9</load_address>
         <run_address>0x5f9</run_address>
         <size>0x56</size>
         <input_file_ref idref="fl-e"/>
      </object_component>
      <object_component id="oc-177">
         <name>.debug_line</name>
         <load_address>0x64f</load_address>
         <run_address>0x64f</run_address>
         <size>0x51</size>
         <input_file_ref idref="fl-e"/>
      </object_component>
      <object_component id="oc-ce">
         <name>.debug_line</name>
         <load_address>0x6a0</load_address>
         <run_address>0x6a0</run_address>
         <size>0x6e</size>
         <input_file_ref idref="fl-e"/>
      </object_component>
      <object_component id="oc-e6">
         <name>.debug_line</name>
         <load_address>0x70e</load_address>
         <run_address>0x70e</run_address>
         <size>0x6c</size>
         <input_file_ref idref="fl-e"/>
      </object_component>
      <object_component id="oc-da">
         <name>.debug_line</name>
         <load_address>0x77a</load_address>
         <run_address>0x77a</run_address>
         <size>0x6c</size>
         <input_file_ref idref="fl-e"/>
      </object_component>
      <object_component id="oc-d4">
         <name>.debug_line</name>
         <load_address>0x7e6</load_address>
         <run_address>0x7e6</run_address>
         <size>0x70</size>
         <input_file_ref idref="fl-e"/>
      </object_component>
      <object_component id="oc-e0">
         <name>.debug_line</name>
         <load_address>0x856</load_address>
         <run_address>0x856</run_address>
         <size>0x73</size>
         <input_file_ref idref="fl-e"/>
      </object_component>
      <object_component id="oc-1ae">
         <name>.debug_line</name>
         <load_address>0x8c9</load_address>
         <run_address>0x8c9</run_address>
         <size>0x51</size>
         <input_file_ref idref="fl-e"/>
      </object_component>
      <object_component id="oc-1a9">
         <name>.debug_line</name>
         <load_address>0x91a</load_address>
         <run_address>0x91a</run_address>
         <size>0x4f</size>
         <input_file_ref idref="fl-e"/>
      </object_component>
      <object_component id="oc-1a4">
         <name>.debug_line</name>
         <load_address>0x969</load_address>
         <run_address>0x969</run_address>
         <size>0x51</size>
         <input_file_ref idref="fl-e"/>
      </object_component>
      <object_component id="oc-17c">
         <name>.debug_line</name>
         <load_address>0x9ba</load_address>
         <run_address>0x9ba</run_address>
         <size>0x55</size>
         <input_file_ref idref="fl-e"/>
      </object_component>
      <object_component id="oc-135">
         <name>.debug_line</name>
         <load_address>0xa0f</load_address>
         <run_address>0xa0f</run_address>
         <size>0x51</size>
         <input_file_ref idref="fl-e"/>
      </object_component>
      <object_component id="oc-13a">
         <name>.debug_line</name>
         <load_address>0xa60</load_address>
         <run_address>0xa60</run_address>
         <size>0x52</size>
         <input_file_ref idref="fl-e"/>
      </object_component>
      <object_component id="oc-77">
         <name>.debug_line</name>
         <load_address>0xab2</load_address>
         <run_address>0xab2</run_address>
         <size>0x33</size>
         <input_file_ref idref="fl-c9"/>
      </object_component>
      <object_component id="oc-53">
         <name>.debug_line</name>
         <load_address>0xae5</load_address>
         <run_address>0xae5</run_address>
         <size>0x48</size>
         <input_file_ref idref="fl-c9"/>
      </object_component>
      <object_component id="oc-97">
         <name>.debug_line</name>
         <load_address>0xb2d</load_address>
         <run_address>0xb2d</run_address>
         <size>0x40</size>
         <input_file_ref idref="fl-cd"/>
      </object_component>
      <object_component id="oc-ed">
         <name>.debug_line</name>
         <load_address>0xb6d</load_address>
         <run_address>0xb6d</run_address>
         <size>0x3c</size>
         <input_file_ref idref="fl-cf"/>
      </object_component>
      <object_component id="oc-9e">
         <name>.debug_frame</name>
         <load_address>0x0</load_address>
         <run_address>0x0</run_address>
         <size>0x60</size>
         <input_file_ref idref="fl-1"/>
      </object_component>
      <object_component id="oc-b0">
         <name>.debug_frame</name>
         <load_address>0x60</load_address>
         <run_address>0x60</run_address>
         <size>0x54</size>
         <input_file_ref idref="fl-2"/>
      </object_component>
      <object_component id="oc-6c">
         <name>.debug_frame</name>
         <load_address>0xb4</load_address>
         <run_address>0xb4</run_address>
         <size>0x58</size>
         <input_file_ref idref="fl-3"/>
      </object_component>
      <object_component id="oc-72">
         <name>.debug_frame</name>
         <load_address>0x10c</load_address>
         <run_address>0x10c</run_address>
         <size>0x54</size>
         <input_file_ref idref="fl-3"/>
      </object_component>
      <object_component id="oc-cf">
         <name>.debug_frame</name>
         <load_address>0x160</load_address>
         <run_address>0x160</run_address>
         <size>0x58</size>
         <input_file_ref idref="fl-e"/>
      </object_component>
      <object_component id="oc-e7">
         <name>.debug_frame</name>
         <load_address>0x1b8</load_address>
         <run_address>0x1b8</run_address>
         <size>0x58</size>
         <input_file_ref idref="fl-e"/>
      </object_component>
      <object_component id="oc-db">
         <name>.debug_frame</name>
         <load_address>0x210</load_address>
         <run_address>0x210</run_address>
         <size>0x58</size>
         <input_file_ref idref="fl-e"/>
      </object_component>
      <object_component id="oc-d5">
         <name>.debug_frame</name>
         <load_address>0x268</load_address>
         <run_address>0x268</run_address>
         <size>0x58</size>
         <input_file_ref idref="fl-e"/>
      </object_component>
      <object_component id="oc-e1">
         <name>.debug_frame</name>
         <load_address>0x2c0</load_address>
         <run_address>0x2c0</run_address>
         <size>0x58</size>
         <input_file_ref idref="fl-e"/>
      </object_component>
      <object_component id="oc-54">
         <name>.debug_frame</name>
         <load_address>0x318</load_address>
         <run_address>0x318</run_address>
         <size>0x50</size>
         <input_file_ref idref="fl-c9"/>
      </object_component>
      <object_component id="oc-98">
         <name>.debug_frame</name>
         <load_address>0x368</load_address>
         <run_address>0x368</run_address>
         <size>0x54</size>
         <input_file_ref idref="fl-cd"/>
      </object_component>
      <object_component id="oc-ee">
         <name>.debug_frame</name>
         <load_address>0x3bc</load_address>
         <run_address>0x3bc</run_address>
         <size>0x54</size>
         <input_file_ref idref="fl-cf"/>
      </object_component>
      <object_component id="oc-160">
         <name>.debug_abbrev</name>
         <load_address>0x0</load_address>
         <run_address>0x0</run_address>
         <size>0xc5</size>
         <input_file_ref idref="fl-1"/>
      </object_component>
      <object_component id="oc-e8">
         <name>.debug_abbrev</name>
         <load_address>0xc5</load_address>
         <run_address>0xc5</run_address>
         <size>0x71</size>
         <input_file_ref idref="fl-1"/>
      </object_component>
      <object_component id="oc-b7">
         <name>.debug_abbrev</name>
         <load_address>0x136</load_address>
         <run_address>0x136</run_address>
         <size>0x69</size>
         <input_file_ref idref="fl-1"/>
      </object_component>
      <object_component id="oc-169">
         <name>.debug_abbrev</name>
         <load_address>0x19f</load_address>
         <run_address>0x19f</run_address>
         <size>0x97</size>
         <input_file_ref idref="fl-1"/>
      </object_component>
      <object_component id="oc-164">
         <name>.debug_abbrev</name>
         <load_address>0x236</load_address>
         <run_address>0x236</run_address>
         <size>0xbd</size>
         <input_file_ref idref="fl-1"/>
      </object_component>
      <object_component id="oc-34">
         <name>.debug_abbrev</name>
         <load_address>0x2f3</load_address>
         <run_address>0x2f3</run_address>
         <size>0x1f</size>
         <input_file_ref idref="fl-1"/>
      </object_component>
      <object_component id="oc-12a">
         <name>.debug_abbrev</name>
         <load_address>0x312</load_address>
         <run_address>0x312</run_address>
         <size>0x5c</size>
         <input_file_ref idref="fl-1"/>
      </object_component>
      <object_component id="oc-173">
         <name>.debug_abbrev</name>
         <load_address>0x36e</load_address>
         <run_address>0x36e</run_address>
         <size>0x24</size>
         <input_file_ref idref="fl-1"/>
      </object_component>
      <object_component id="oc-16e">
         <name>.debug_abbrev</name>
         <load_address>0x392</load_address>
         <run_address>0x392</run_address>
         <size>0x24</size>
         <input_file_ref idref="fl-1"/>
      </object_component>
      <object_component id="oc-127">
         <name>.debug_abbrev</name>
         <load_address>0x3b6</load_address>
         <run_address>0x3b6</run_address>
         <size>0x50</size>
         <input_file_ref idref="fl-2"/>
      </object_component>
      <object_component id="oc-b3">
         <name>.debug_abbrev</name>
         <load_address>0x406</load_address>
         <run_address>0x406</run_address>
         <size>0x7c</size>
         <input_file_ref idref="fl-3"/>
      </object_component>
      <object_component id="oc-73">
         <name>.debug_abbrev</name>
         <load_address>0x482</load_address>
         <run_address>0x482</run_address>
         <size>0x29</size>
         <input_file_ref idref="fl-3"/>
      </object_component>
      <object_component id="oc-b1">
         <name>.debug_abbrev</name>
         <load_address>0x4ab</load_address>
         <run_address>0x4ab</run_address>
         <size>0x5e</size>
         <input_file_ref idref="fl-3"/>
      </object_component>
      <object_component id="oc-b2">
         <name>.debug_abbrev</name>
         <load_address>0x509</load_address>
         <run_address>0x509</run_address>
         <size>0x42</size>
         <input_file_ref idref="fl-3"/>
      </object_component>
      <object_component id="oc-19f">
         <name>.debug_abbrev</name>
         <load_address>0x54b</load_address>
         <run_address>0x54b</run_address>
         <size>0xbb</size>
         <input_file_ref idref="fl-e"/>
      </object_component>
      <object_component id="oc-176">
         <name>.debug_abbrev</name>
         <load_address>0x606</load_address>
         <run_address>0x606</run_address>
         <size>0x27</size>
         <input_file_ref idref="fl-e"/>
      </object_component>
      <object_component id="oc-131">
         <name>.debug_abbrev</name>
         <load_address>0x62d</load_address>
         <run_address>0x62d</run_address>
         <size>0x6c</size>
         <input_file_ref idref="fl-e"/>
      </object_component>
      <object_component id="oc-13f">
         <name>.debug_abbrev</name>
         <load_address>0x699</load_address>
         <run_address>0x699</run_address>
         <size>0x6c</size>
         <input_file_ref idref="fl-e"/>
      </object_component>
      <object_component id="oc-13d">
         <name>.debug_abbrev</name>
         <load_address>0x705</load_address>
         <run_address>0x705</run_address>
         <size>0x6c</size>
         <input_file_ref idref="fl-e"/>
      </object_component>
      <object_component id="oc-13c">
         <name>.debug_abbrev</name>
         <load_address>0x771</load_address>
         <run_address>0x771</run_address>
         <size>0x6c</size>
         <input_file_ref idref="fl-e"/>
      </object_component>
      <object_component id="oc-13e">
         <name>.debug_abbrev</name>
         <load_address>0x7dd</load_address>
         <run_address>0x7dd</run_address>
         <size>0x6e</size>
         <input_file_ref idref="fl-e"/>
      </object_component>
      <object_component id="oc-1ad">
         <name>.debug_abbrev</name>
         <load_address>0x84b</load_address>
         <run_address>0x84b</run_address>
         <size>0x69</size>
         <input_file_ref idref="fl-e"/>
      </object_component>
      <object_component id="oc-1a8">
         <name>.debug_abbrev</name>
         <load_address>0x8b4</load_address>
         <run_address>0x8b4</run_address>
         <size>0x97</size>
         <input_file_ref idref="fl-e"/>
      </object_component>
      <object_component id="oc-1a3">
         <name>.debug_abbrev</name>
         <load_address>0x94b</load_address>
         <run_address>0x94b</run_address>
         <size>0xbd</size>
         <input_file_ref idref="fl-e"/>
      </object_component>
      <object_component id="oc-17b">
         <name>.debug_abbrev</name>
         <load_address>0xa08</load_address>
         <run_address>0xa08</run_address>
         <size>0x5c</size>
         <input_file_ref idref="fl-e"/>
      </object_component>
      <object_component id="oc-134">
         <name>.debug_abbrev</name>
         <load_address>0xa64</load_address>
         <run_address>0xa64</run_address>
         <size>0x24</size>
         <input_file_ref idref="fl-e"/>
      </object_component>
      <object_component id="oc-139">
         <name>.debug_abbrev</name>
         <load_address>0xa88</load_address>
         <run_address>0xa88</run_address>
         <size>0x24</size>
         <input_file_ref idref="fl-e"/>
      </object_component>
      <object_component id="oc-76">
         <name>.debug_abbrev</name>
         <load_address>0xaac</load_address>
         <run_address>0xaac</run_address>
         <size>0x29</size>
         <input_file_ref idref="fl-c9"/>
      </object_component>
      <object_component id="oc-a0">
         <name>.debug_abbrev</name>
         <load_address>0xad5</load_address>
         <run_address>0xad5</run_address>
         <size>0x55</size>
         <input_file_ref idref="fl-c9"/>
      </object_component>
      <object_component id="oc-c9">
         <name>.debug_abbrev</name>
         <load_address>0xb2a</load_address>
         <run_address>0xb2a</run_address>
         <size>0x55</size>
         <input_file_ref idref="fl-cd"/>
      </object_component>
      <object_component id="oc-140">
         <name>.debug_abbrev</name>
         <load_address>0xb7f</load_address>
         <run_address>0xb7f</run_address>
         <size>0x45</size>
         <input_file_ref idref="fl-cf"/>
      </object_component>
      <object_component id="oc-1f2">
         <name>.debug_abbrev</name>
         <load_address>0xbc4</load_address>
         <run_address>0xbc4</run_address>
         <size>0xf</size>
      </object_component>
      <object_component id="oc-b9">
         <name>.debug_str</name>
         <load_address>0x0</load_address>
         <run_address>0x0</run_address>
         <size>0x2bc</size>
         <input_file_ref idref="fl-1"/>
      </object_component>
      <object_component id="oc-16b">
         <name>.debug_str</name>
         <load_address>0x2bc</load_address>
         <run_address>0x2bc</run_address>
         <size>0x49e</size>
         <input_file_ref idref="fl-1"/>
      </object_component>
      <object_component id="oc-166">
         <name>.debug_str</name>
         <load_address>0x75a</load_address>
         <run_address>0x75a</run_address>
         <size>0x1824</size>
         <input_file_ref idref="fl-1"/>
      </object_component>
      <object_component id="oc-36">
         <name>.debug_str</name>
         <load_address>0x1f7e</load_address>
         <run_address>0x1f7e</run_address>
         <size>0xff</size>
         <input_file_ref idref="fl-1"/>
      </object_component>
      <object_component id="oc-12c">
         <name>.debug_str</name>
         <load_address>0x207d</load_address>
         <run_address>0x207d</run_address>
         <size>0x352</size>
         <input_file_ref idref="fl-1"/>
      </object_component>
      <object_component id="oc-175">
         <name>.debug_str</name>
         <load_address>0x23cf</load_address>
         <run_address>0x23cf</run_address>
         <size>0x1c7</size>
         <input_file_ref idref="fl-1"/>
      </object_component>
      <object_component id="oc-170">
         <name>.debug_str</name>
         <load_address>0x2596</load_address>
         <run_address>0x2596</run_address>
         <size>0x154</size>
         <input_file_ref idref="fl-1"/>
      </object_component>
      <object_component id="oc-1af">
         <name>.debug_str</name>
         <load_address>0x26ea</load_address>
         <run_address>0x26ea</run_address>
         <size>0x2c2</size>
         <input_file_ref idref="fl-e"/>
      </object_component>
      <object_component id="oc-1aa">
         <name>.debug_str</name>
         <load_address>0x29ac</load_address>
         <run_address>0x29ac</run_address>
         <size>0x499</size>
         <input_file_ref idref="fl-e"/>
      </object_component>
      <object_component id="oc-1a5">
         <name>.debug_str</name>
         <load_address>0x2e45</load_address>
         <run_address>0x2e45</run_address>
         <size>0x1875</size>
         <input_file_ref idref="fl-e"/>
      </object_component>
      <object_component id="oc-17d">
         <name>.debug_str</name>
         <load_address>0x46ba</load_address>
         <run_address>0x46ba</run_address>
         <size>0x351</size>
         <input_file_ref idref="fl-e"/>
      </object_component>
      <object_component id="oc-136">
         <name>.debug_str</name>
         <load_address>0x4a0b</load_address>
         <run_address>0x4a0b</run_address>
         <size>0x1cd</size>
         <input_file_ref idref="fl-e"/>
      </object_component>
      <object_component id="oc-13b">
         <name>.debug_str</name>
         <load_address>0x4bd8</load_address>
         <run_address>0x4bd8</run_address>
         <size>0x15a</size>
         <input_file_ref idref="fl-e"/>
      </object_component>
      <object_component id="oc-9b">
         <name>.debug_aranges</name>
         <load_address>0x0</load_address>
         <run_address>0x0</run_address>
         <size>0x20</size>
         <input_file_ref idref="fl-1"/>
      </object_component>
      <object_component id="oc-ad">
         <name>.debug_aranges</name>
         <load_address>0x20</load_address>
         <run_address>0x20</run_address>
         <size>0x20</size>
         <input_file_ref idref="fl-2"/>
      </object_component>
      <object_component id="oc-69">
         <name>.debug_aranges</name>
         <load_address>0x40</load_address>
         <run_address>0x40</run_address>
         <size>0x20</size>
         <input_file_ref idref="fl-3"/>
      </object_component>
      <object_component id="oc-6f">
         <name>.debug_aranges</name>
         <load_address>0x60</load_address>
         <run_address>0x60</run_address>
         <size>0x20</size>
         <input_file_ref idref="fl-3"/>
      </object_component>
      <object_component id="oc-cc">
         <name>.debug_aranges</name>
         <load_address>0x80</load_address>
         <run_address>0x80</run_address>
         <size>0x20</size>
         <input_file_ref idref="fl-e"/>
      </object_component>
      <object_component id="oc-e4">
         <name>.debug_aranges</name>
         <load_address>0xa0</load_address>
         <run_address>0xa0</run_address>
         <size>0x20</size>
         <input_file_ref idref="fl-e"/>
      </object_component>
      <object_component id="oc-d8">
         <name>.debug_aranges</name>
         <load_address>0xc0</load_address>
         <run_address>0xc0</run_address>
         <size>0x20</size>
         <input_file_ref idref="fl-e"/>
      </object_component>
      <object_component id="oc-d2">
         <name>.debug_aranges</name>
         <load_address>0xe0</load_address>
         <run_address>0xe0</run_address>
         <size>0x20</size>
         <input_file_ref idref="fl-e"/>
      </object_component>
      <object_component id="oc-de">
         <name>.debug_aranges</name>
         <load_address>0x100</load_address>
         <run_address>0x100</run_address>
         <size>0x20</size>
         <input_file_ref idref="fl-e"/>
      </object_component>
      <object_component id="oc-51">
         <name>.debug_aranges</name>
         <load_address>0x120</load_address>
         <run_address>0x120</run_address>
         <size>0x20</size>
         <input_file_ref idref="fl-c9"/>
      </object_component>
      <object_component id="oc-95">
         <name>.debug_aranges</name>
         <load_address>0x140</load_address>
         <run_address>0x140</run_address>
         <size>0x20</size>
         <input_file_ref idref="fl-cd"/>
      </object_component>
      <object_component id="oc-eb">
         <name>.debug_aranges</name>
         <load_address>0x160</load_address>
         <run_address>0x160</run_address>
         <size>0x20</size>
         <input_file_ref idref="fl-cf"/>
      </object_component>
      <object_component id="oc-9c">
         <name>.debug_pubnames</name>
         <load_address>0x0</load_address>
         <run_address>0x0</run_address>
         <size>0x1b</size>
         <input_file_ref idref="fl-1"/>
      </object_component>
      <object_component id="oc-ae">
         <name>.debug_pubnames</name>
         <load_address>0x1b</load_address>
         <run_address>0x1b</run_address>
         <size>0x21</size>
         <input_file_ref idref="fl-2"/>
      </object_component>
      <object_component id="oc-28">
         <name>.debug_pubnames</name>
         <load_address>0x3c</load_address>
         <run_address>0x3c</run_address>
         <size>0x27</size>
         <input_file_ref idref="fl-3"/>
      </object_component>
      <object_component id="oc-6a">
         <name>.debug_pubnames</name>
         <load_address>0x63</load_address>
         <run_address>0x63</run_address>
         <size>0x24</size>
         <input_file_ref idref="fl-3"/>
      </object_component>
      <object_component id="oc-70">
         <name>.debug_pubnames</name>
         <load_address>0x87</load_address>
         <run_address>0x87</run_address>
         <size>0x26</size>
         <input_file_ref idref="fl-3"/>
      </object_component>
      <object_component id="oc-130">
         <name>.debug_pubnames</name>
         <load_address>0xad</load_address>
         <run_address>0xad</run_address>
         <size>0x28</size>
         <input_file_ref idref="fl-e"/>
      </object_component>
      <object_component id="oc-cd">
         <name>.debug_pubnames</name>
         <load_address>0xd5</load_address>
         <run_address>0xd5</run_address>
         <size>0x2a</size>
         <input_file_ref idref="fl-e"/>
      </object_component>
      <object_component id="oc-e5">
         <name>.debug_pubnames</name>
         <load_address>0xff</load_address>
         <run_address>0xff</run_address>
         <size>0x2e</size>
         <input_file_ref idref="fl-e"/>
      </object_component>
      <object_component id="oc-d9">
         <name>.debug_pubnames</name>
         <load_address>0x12d</load_address>
         <run_address>0x12d</run_address>
         <size>0x2d</size>
         <input_file_ref idref="fl-e"/>
      </object_component>
      <object_component id="oc-d3">
         <name>.debug_pubnames</name>
         <load_address>0x15a</load_address>
         <run_address>0x15a</run_address>
         <size>0x3b</size>
         <input_file_ref idref="fl-e"/>
      </object_component>
      <object_component id="oc-df">
         <name>.debug_pubnames</name>
         <load_address>0x195</load_address>
         <run_address>0x195</run_address>
         <size>0x2c</size>
         <input_file_ref idref="fl-e"/>
      </object_component>
      <object_component id="oc-2b">
         <name>.debug_pubnames</name>
         <load_address>0x1c1</load_address>
         <run_address>0x1c1</run_address>
         <size>0x1e</size>
         <input_file_ref idref="fl-c9"/>
      </object_component>
      <object_component id="oc-52">
         <name>.debug_pubnames</name>
         <load_address>0x1df</load_address>
         <run_address>0x1df</run_address>
         <size>0x2d</size>
         <input_file_ref idref="fl-c9"/>
      </object_component>
      <object_component id="oc-96">
         <name>.debug_pubnames</name>
         <load_address>0x20c</load_address>
         <run_address>0x20c</run_address>
         <size>0x27</size>
         <input_file_ref idref="fl-cd"/>
      </object_component>
      <object_component id="oc-ec">
         <name>.debug_pubnames</name>
         <load_address>0x233</load_address>
         <run_address>0x233</run_address>
         <size>0x1c</size>
         <input_file_ref idref="fl-cf"/>
      </object_component>
      <object_component id="oc-b6">
         <name>.debug_pubtypes</name>
         <load_address>0x0</load_address>
         <run_address>0x0</run_address>
         <size>0x25c</size>
         <input_file_ref idref="fl-1"/>
      </object_component>
      <object_component id="oc-168">
         <name>.debug_pubtypes</name>
         <load_address>0x25c</load_address>
         <run_address>0x25c</run_address>
         <size>0xdd</size>
         <input_file_ref idref="fl-1"/>
      </object_component>
      <object_component id="oc-163">
         <name>.debug_pubtypes</name>
         <load_address>0x339</load_address>
         <run_address>0x339</run_address>
         <size>0x2e3</size>
         <input_file_ref idref="fl-1"/>
      </object_component>
      <object_component id="oc-33">
         <name>.debug_pubtypes</name>
         <load_address>0x61c</load_address>
         <run_address>0x61c</run_address>
         <size>0xed</size>
         <input_file_ref idref="fl-1"/>
      </object_component>
      <object_component id="oc-129">
         <name>.debug_pubtypes</name>
         <load_address>0x709</load_address>
         <run_address>0x709</run_address>
         <size>0x330</size>
         <input_file_ref idref="fl-1"/>
      </object_component>
      <object_component id="oc-172">
         <name>.debug_pubtypes</name>
         <load_address>0xa39</load_address>
         <run_address>0xa39</run_address>
         <size>0x12e</size>
         <input_file_ref idref="fl-1"/>
      </object_component>
      <object_component id="oc-16d">
         <name>.debug_pubtypes</name>
         <load_address>0xb67</load_address>
         <run_address>0xb67</run_address>
         <size>0xaa</size>
         <input_file_ref idref="fl-1"/>
      </object_component>
      <object_component id="oc-1ac">
         <name>.debug_pubtypes</name>
         <load_address>0xc11</load_address>
         <run_address>0xc11</run_address>
         <size>0x25c</size>
         <input_file_ref idref="fl-e"/>
      </object_component>
      <object_component id="oc-1a7">
         <name>.debug_pubtypes</name>
         <load_address>0xe6d</load_address>
         <run_address>0xe6d</run_address>
         <size>0xdd</size>
         <input_file_ref idref="fl-e"/>
      </object_component>
      <object_component id="oc-1a2">
         <name>.debug_pubtypes</name>
         <load_address>0xf4a</load_address>
         <run_address>0xf4a</run_address>
         <size>0x317</size>
         <input_file_ref idref="fl-e"/>
      </object_component>
      <object_component id="oc-17a">
         <name>.debug_pubtypes</name>
         <load_address>0x1261</load_address>
         <run_address>0x1261</run_address>
         <size>0x325</size>
         <input_file_ref idref="fl-e"/>
      </object_component>
      <object_component id="oc-133">
         <name>.debug_pubtypes</name>
         <load_address>0x1586</load_address>
         <run_address>0x1586</run_address>
         <size>0x12e</size>
         <input_file_ref idref="fl-e"/>
      </object_component>
      <object_component id="oc-138">
         <name>.debug_pubtypes</name>
         <load_address>0x16b4</load_address>
         <run_address>0x16b4</run_address>
         <size>0xaa</size>
         <input_file_ref idref="fl-e"/>
      </object_component>
   </object_component_list>
   <logical_group_list>
      <logical_group id="lg-3" display="no" color="cyan">
         <name>.intvecs</name>
         <load_address>0x0</load_address>
         <run_address>0x0</run_address>
         <size>0xe8</size>
         <contents>
            <object_component_ref idref="oc-26"/>
         </contents>
      </logical_group>
      <logical_group id="lg-4" display="no" color="cyan">
         <name>.text</name>
         <load_address>0xe8</load_address>
         <run_address>0xe8</run_address>
         <size>0x302</size>
         <contents>
            <object_component_ref idref="oc-99"/>
            <object_component_ref idref="oc-ab"/>
            <object_component_ref idref="oc-d0"/>
            <object_component_ref idref="oc-ca"/>
            <object_component_ref idref="oc-dc"/>
            <object_component_ref idref="oc-4f"/>
            <object_component_ref idref="oc-e2"/>
            <object_component_ref idref="oc-d6"/>
            <object_component_ref idref="oc-67"/>
            <object_component_ref idref="oc-93"/>
            <object_component_ref idref="oc-e9"/>
            <object_component_ref idref="oc-6d"/>
         </contents>
      </logical_group>
      <logical_group id="lg-5" display="no" color="cyan">
         <name>.const</name>
         <load_address>0x3ec</load_address>
         <run_address>0x3ec</run_address>
         <size>0x30</size>
         <contents>
            <object_component_ref idref="oc-12e"/>
         </contents>
      </logical_group>
      <logical_group id="lg-6" display="no" color="cyan">
         <name>.cinit</name>
         <run_address>0x0</run_address>
         <size>0x0</size>
         <contents>
         </contents>
      </logical_group>
      <logical_group id="lg-7" display="no" color="cyan">
         <name>.pinit</name>
         <run_address>0x0</run_address>
         <size>0x0</size>
         <contents>
         </contents>
      </logical_group>
      <logical_group id="lg-8" display="no" color="cyan">
         <name>.init_array</name>
         <run_address>0x0</run_address>
         <size>0x0</size>
         <contents>
         </contents>
      </logical_group>
      <logical_group id="lg-9" display="no" color="cyan">
         <name>.binit</name>
         <load_address>0x0</load_address>
         <run_address>0x0</run_address>
         <size>0x0</size>
         <contents>
            <object_component_ref idref="oc-1c2"/>
         </contents>
      </logical_group>
      <logical_group id="lg-a" display="no" color="cyan">
         <name>.flashMailbox</name>
         <run_address>0x0</run_address>
         <size>0x0</size>
         <contents>
         </contents>
      </logical_group>
      <logical_group id="lg-b" display="no" color="cyan">
         <name>.tlvTable</name>
         <run_address>0x0</run_address>
         <size>0x0</size>
         <contents>
         </contents>
      </logical_group>
      <logical_group id="lg-c" display="no" color="cyan">
         <name>.bslArea</name>
         <run_address>0x0</run_address>
         <size>0x0</size>
         <contents>
         </contents>
      </logical_group>
      <logical_group id="lg-d" display="no" color="cyan">
         <name>.vtable</name>
         <run_address>0x0</run_address>
         <size>0x0</size>
         <contents>
         </contents>
      </logical_group>
      <logical_group id="lg-e" display="no" color="cyan">
         <name>.data</name>
         <run_address>0x0</run_address>
         <size>0x0</size>
         <contents>
         </contents>
      </logical_group>
      <logical_group id="lg-f" display="no" color="cyan">
         <name>.bss</name>
         <run_address>0x0</run_address>
         <size>0x0</size>
         <contents>
         </contents>
      </logical_group>
      <logical_group id="lg-10" display="no" color="cyan">
         <name>.sysmem</name>
         <run_address>0x0</run_address>
         <size>0x0</size>
         <contents>
         </contents>
      </logical_group>
      <logical_group id="lg-11" display="no" color="cyan">
         <name>.stack</name>
         <run_address>0x2003fe00</run_address>
         <size>0x200</size>
         <contents>
            <object_component_ref idref="oc-29"/>
            <object_component_ref idref="oc-1f0"/>
         </contents>
      </logical_group>
      <logical_group id="lg-12" display="no" color="cyan">
         <name>.TI.ramfunc</name>
         <run_address>0x0</run_address>
         <size>0x0</size>
         <contents>
         </contents>
      </logical_group>
      <logical_group id="lg-1bf" display="no" color="cyan">
         <name>.TI.noinit</name>
         <run_address>0x0</run_address>
         <size>0x0</size>
         <contents>
         </contents>
      </logical_group>
      <logical_group id="lg-1c0" display="no" color="cyan">
         <name>.TI.persistent</name>
         <run_address>0x0</run_address>
         <size>0x0</size>
         <contents>
         </contents>
      </logical_group>
      <logical_group id="lg-1c1" display="no" color="cyan">
         <name>__llvm_prf_cnts</name>
         <run_address>0x20000000</run_address>
         <size>0x0</size>
         <contents>
         </contents>
      </logical_group>
      <logical_group id="lg-1d6" display="never" color="cyan">
         <name>.debug_info</name>
         <load_address>0x0</load_address>
         <run_address>0x0</run_address>
         <size>0xd8bd</size>
         <contents>
            <object_component_ref idref="oc-12d"/>
            <object_component_ref idref="oc-9a"/>
            <object_component_ref idref="oc-b5"/>
            <object_component_ref idref="oc-167"/>
            <object_component_ref idref="oc-162"/>
            <object_component_ref idref="oc-32"/>
            <object_component_ref idref="oc-128"/>
            <object_component_ref idref="oc-171"/>
            <object_component_ref idref="oc-16c"/>
            <object_component_ref idref="oc-ac"/>
            <object_component_ref idref="oc-75"/>
            <object_component_ref idref="oc-27"/>
            <object_component_ref idref="oc-68"/>
            <object_component_ref idref="oc-6e"/>
            <object_component_ref idref="oc-178"/>
            <object_component_ref idref="oc-12f"/>
            <object_component_ref idref="oc-cb"/>
            <object_component_ref idref="oc-e3"/>
            <object_component_ref idref="oc-d7"/>
            <object_component_ref idref="oc-d1"/>
            <object_component_ref idref="oc-dd"/>
            <object_component_ref idref="oc-1ab"/>
            <object_component_ref idref="oc-1a6"/>
            <object_component_ref idref="oc-1a1"/>
            <object_component_ref idref="oc-179"/>
            <object_component_ref idref="oc-132"/>
            <object_component_ref idref="oc-137"/>
            <object_component_ref idref="oc-2a"/>
            <object_component_ref idref="oc-50"/>
            <object_component_ref idref="oc-94"/>
            <object_component_ref idref="oc-ea"/>
            <object_component_ref idref="oc-1f1"/>
         </contents>
      </logical_group>
      <logical_group id="lg-1d8" display="never" color="cyan">
         <name>.debug_line</name>
         <load_address>0x0</load_address>
         <run_address>0x0</run_address>
         <size>0xba9</size>
         <contents>
            <object_component_ref idref="oc-161"/>
            <object_component_ref idref="oc-9d"/>
            <object_component_ref idref="oc-b8"/>
            <object_component_ref idref="oc-16a"/>
            <object_component_ref idref="oc-165"/>
            <object_component_ref idref="oc-35"/>
            <object_component_ref idref="oc-12b"/>
            <object_component_ref idref="oc-174"/>
            <object_component_ref idref="oc-16f"/>
            <object_component_ref idref="oc-af"/>
            <object_component_ref idref="oc-b4"/>
            <object_component_ref idref="oc-74"/>
            <object_component_ref idref="oc-6b"/>
            <object_component_ref idref="oc-71"/>
            <object_component_ref idref="oc-1a0"/>
            <object_component_ref idref="oc-177"/>
            <object_component_ref idref="oc-ce"/>
            <object_component_ref idref="oc-e6"/>
            <object_component_ref idref="oc-da"/>
            <object_component_ref idref="oc-d4"/>
            <object_component_ref idref="oc-e0"/>
            <object_component_ref idref="oc-1ae"/>
            <object_component_ref idref="oc-1a9"/>
            <object_component_ref idref="oc-1a4"/>
            <object_component_ref idref="oc-17c"/>
            <object_component_ref idref="oc-135"/>
            <object_component_ref idref="oc-13a"/>
            <object_component_ref idref="oc-77"/>
            <object_component_ref idref="oc-53"/>
            <object_component_ref idref="oc-97"/>
            <object_component_ref idref="oc-ed"/>
         </contents>
      </logical_group>
      <logical_group id="lg-1da" display="never" color="cyan">
         <name>.debug_frame</name>
         <load_address>0x0</load_address>
         <run_address>0x0</run_address>
         <size>0x410</size>
         <contents>
            <object_component_ref idref="oc-9e"/>
            <object_component_ref idref="oc-b0"/>
            <object_component_ref idref="oc-6c"/>
            <object_component_ref idref="oc-72"/>
            <object_component_ref idref="oc-cf"/>
            <object_component_ref idref="oc-e7"/>
            <object_component_ref idref="oc-db"/>
            <object_component_ref idref="oc-d5"/>
            <object_component_ref idref="oc-e1"/>
            <object_component_ref idref="oc-54"/>
            <object_component_ref idref="oc-98"/>
            <object_component_ref idref="oc-ee"/>
         </contents>
      </logical_group>
      <logical_group id="lg-1dc" display="never" color="cyan">
         <name>.debug_abbrev</name>
         <load_address>0x0</load_address>
         <run_address>0x0</run_address>
         <size>0xbd3</size>
         <contents>
            <object_component_ref idref="oc-160"/>
            <object_component_ref idref="oc-e8"/>
            <object_component_ref idref="oc-b7"/>
            <object_component_ref idref="oc-169"/>
            <object_component_ref idref="oc-164"/>
            <object_component_ref idref="oc-34"/>
            <object_component_ref idref="oc-12a"/>
            <object_component_ref idref="oc-173"/>
            <object_component_ref idref="oc-16e"/>
            <object_component_ref idref="oc-127"/>
            <object_component_ref idref="oc-b3"/>
            <object_component_ref idref="oc-73"/>
            <object_component_ref idref="oc-b1"/>
            <object_component_ref idref="oc-b2"/>
            <object_component_ref idref="oc-19f"/>
            <object_component_ref idref="oc-176"/>
            <object_component_ref idref="oc-131"/>
            <object_component_ref idref="oc-13f"/>
            <object_component_ref idref="oc-13d"/>
            <object_component_ref idref="oc-13c"/>
            <object_component_ref idref="oc-13e"/>
            <object_component_ref idref="oc-1ad"/>
            <object_component_ref idref="oc-1a8"/>
            <object_component_ref idref="oc-1a3"/>
            <object_component_ref idref="oc-17b"/>
            <object_component_ref idref="oc-134"/>
            <object_component_ref idref="oc-139"/>
            <object_component_ref idref="oc-76"/>
            <object_component_ref idref="oc-a0"/>
            <object_component_ref idref="oc-c9"/>
            <object_component_ref idref="oc-140"/>
            <object_component_ref idref="oc-1f2"/>
         </contents>
      </logical_group>
      <logical_group id="lg-1de" display="never" color="cyan">
         <name>.debug_str</name>
         <load_address>0x0</load_address>
         <run_address>0x0</run_address>
         <size>0x4d32</size>
         <contents>
            <object_component_ref idref="oc-b9"/>
            <object_component_ref idref="oc-16b"/>
            <object_component_ref idref="oc-166"/>
            <object_component_ref idref="oc-36"/>
            <object_component_ref idref="oc-12c"/>
            <object_component_ref idref="oc-175"/>
            <object_component_ref idref="oc-170"/>
            <object_component_ref idref="oc-1af"/>
            <object_component_ref idref="oc-1aa"/>
            <object_component_ref idref="oc-1a5"/>
            <object_component_ref idref="oc-17d"/>
            <object_component_ref idref="oc-136"/>
            <object_component_ref idref="oc-13b"/>
         </contents>
      </logical_group>
      <logical_group id="lg-1e0" display="never" color="cyan">
         <name>.debug_aranges</name>
         <load_address>0x0</load_address>
         <run_address>0x0</run_address>
         <size>0x180</size>
         <contents>
            <object_component_ref idref="oc-9b"/>
            <object_component_ref idref="oc-ad"/>
            <object_component_ref idref="oc-69"/>
            <object_component_ref idref="oc-6f"/>
            <object_component_ref idref="oc-cc"/>
            <object_component_ref idref="oc-e4"/>
            <object_component_ref idref="oc-d8"/>
            <object_component_ref idref="oc-d2"/>
            <object_component_ref idref="oc-de"/>
            <object_component_ref idref="oc-51"/>
            <object_component_ref idref="oc-95"/>
            <object_component_ref idref="oc-eb"/>
         </contents>
      </logical_group>
      <logical_group id="lg-1e2" display="never" color="cyan">
         <name>.debug_pubnames</name>
         <load_address>0x0</load_address>
         <run_address>0x0</run_address>
         <size>0x24f</size>
         <contents>
            <object_component_ref idref="oc-9c"/>
            <object_component_ref idref="oc-ae"/>
            <object_component_ref idref="oc-28"/>
            <object_component_ref idref="oc-6a"/>
            <object_component_ref idref="oc-70"/>
            <object_component_ref idref="oc-130"/>
            <object_component_ref idref="oc-cd"/>
            <object_component_ref idref="oc-e5"/>
            <object_component_ref idref="oc-d9"/>
            <object_component_ref idref="oc-d3"/>
            <object_component_ref idref="oc-df"/>
            <object_component_ref idref="oc-2b"/>
            <object_component_ref idref="oc-52"/>
            <object_component_ref idref="oc-96"/>
            <object_component_ref idref="oc-ec"/>
         </contents>
      </logical_group>
      <logical_group id="lg-1e4" display="never" color="cyan">
         <name>.debug_pubtypes</name>
         <load_address>0x0</load_address>
         <run_address>0x0</run_address>
         <size>0x175e</size>
         <contents>
            <object_component_ref idref="oc-b6"/>
            <object_component_ref idref="oc-168"/>
            <object_component_ref idref="oc-163"/>
            <object_component_ref idref="oc-33"/>
            <object_component_ref idref="oc-129"/>
            <object_component_ref idref="oc-172"/>
            <object_component_ref idref="oc-16d"/>
            <object_component_ref idref="oc-1ac"/>
            <object_component_ref idref="oc-1a7"/>
            <object_component_ref idref="oc-1a2"/>
            <object_component_ref idref="oc-17a"/>
            <object_component_ref idref="oc-133"/>
            <object_component_ref idref="oc-138"/>
         </contents>
      </logical_group>
      <logical_group id="lg-1ef" display="no" color="cyan">
         <name>Veneer$$CMSE</name>
         <run_address>0x0</run_address>
         <size>0x0</size>
         <contents>
         </contents>
      </logical_group>
      <load_segment id="lg-1f3" display="no" color="cyan">
         <name>SEGMENT_0</name>
         <load_address>0x0</load_address>
         <run_address>0x0</run_address>
         <size>0x41c</size>
         <flags>0x5</flags>
         <contents>
            <logical_group_ref idref="lg-3"/>
            <logical_group_ref idref="lg-4"/>
            <logical_group_ref idref="lg-5"/>
         </contents>
      </load_segment>
      <load_segment id="lg-1f4" display="no" color="cyan">
         <name>SEGMENT_1</name>
         <run_address>0x2003fe00</run_address>
         <size>0x200</size>
         <flags>0x6</flags>
         <contents>
            <logical_group_ref idref="lg-11"/>
         </contents>
      </load_segment>
   </logical_group_list>
   <placement_map>
      <memory_area display="yes" color="green">
         <name>MAIN</name>
         <page_id>0x0</page_id>
         <origin>0x0</origin>
         <length>0x200000</length>
         <used_space>0x41a</used_space>
         <unused_space>0x1ffbe6</unused_space>
         <attributes>RX</attributes>
         <usage_details>
            <allocated_space>
               <start_address>0x0</start_address>
               <size>0x0</size>
               <logical_group_ref idref="lg-9"/>
            </allocated_space>
            <allocated_space>
               <start_address>0x0</start_address>
               <size>0xe8</size>
               <logical_group_ref idref="lg-3"/>
            </allocated_space>
            <allocated_space>
               <start_address>0xe8</start_address>
               <size>0x302</size>
               <logical_group_ref idref="lg-4"/>
            </allocated_space>
            <available_space>
               <start_address>0x3ea</start_address>
               <size>0x2</size>
            </available_space>
            <allocated_space>
               <start_address>0x3ec</start_address>
               <size>0x30</size>
               <logical_group_ref idref="lg-5"/>
            </allocated_space>
            <available_space>
               <start_address>0x41c</start_address>
               <size>0x1ffbe4</size>
            </available_space>
         </usage_details>
      </memory_area>
      <memory_area display="yes" color="green">
         <name>INFO</name>
         <page_id>0x0</page_id>
         <origin>0x200000</origin>
         <length>0x8000</length>
         <used_space>0x0</used_space>
         <unused_space>0x8000</unused_space>
         <attributes>RX</attributes>
         <usage_details>
         </usage_details>
      </memory_area>
      <memory_area display="yes" color="green">
         <name>SRAM_CODE</name>
         <page_id>0x0</page_id>
         <origin>0x1000000</origin>
         <length>0x40000</length>
         <used_space>0x200</used_space>
         <unused_space>0x3fe00</unused_space>
         <attributes>RWX</attributes>
         <usage_details>
            <allocated_space>
               <start_address>0x1000000</start_address>
               <size>0x0</size>
               <logical_group_ref idref="lg-1c1"/>
            </allocated_space>
            <available_space>
               <start_address>0x1000000</start_address>
               <size>0x3fe00</size>
            </available_space>
            <allocated_space>
               <start_address>0x103fe00</start_address>
               <size>0x200</size>
               <logical_group_ref idref="lg-11"/>
            </allocated_space>
         </usage_details>
      </memory_area>
      <memory_area display="yes" color="green">
         <name>SRAM_DATA</name>
         <page_id>0x0</page_id>
         <origin>0x20000000</origin>
         <length>0x40000</length>
         <used_space>0x200</used_space>
         <unused_space>0x3fe00</unused_space>
         <attributes>RW</attributes>
         <usage_details>
            <allocated_space>
               <start_address>0x20000000</start_address>
               <size>0x0</size>
               <logical_group_ref idref="lg-1c1"/>
            </allocated_space>
            <available_space>
               <start_address>0x20000000</start_address>
               <size>0x3fe00</size>
            </available_space>
            <allocated_space>
               <start_address>0x2003fe00</start_address>
               <size>0x200</size>
               <logical_group_ref idref="lg-11"/>
            </allocated_space>
         </usage_details>
      </memory_area>
   </placement_map>
   <symbol_table>
      <symbol id="sm-1">
         <name>WDTCTL_SYM</name>
         <value>0x4000480c</value>
      </symbol>
      <symbol id="sm-2">
         <name>__start___llvm_prf_cnts</name>
         <value>0x20000000</value>
      </symbol>
      <symbol id="sm-3">
         <name>__stop___llvm_prf_cnts</name>
         <value>0x20000000</value>
      </symbol>
      <symbol id="sm-4">
         <name>binit</name>
         <value>0xffffffff</value>
      </symbol>
      <symbol id="sm-5">
         <name>__binit__</name>
         <value>0xffffffff</value>
      </symbol>
      <symbol id="sm-6">
         <name>__STACK_SIZE</name>
         <value>0x200</value>
      </symbol>
      <symbol id="sm-7">
         <name>__STACK_END</name>
         <value>0x20040000</value>
      </symbol>
      <symbol id="sm-8">
         <name>__c_args__</name>
         <value>0xffffffff</value>
      </symbol>
      <symbol id="sm-9">
         <name>__TI_pprof_out_hndl</name>
         <value>0xffffffff</value>
      </symbol>
      <symbol id="sm-a">
         <name>__TI_prof_data_start</name>
         <value>0xffffffff</value>
      </symbol>
      <symbol id="sm-b">
         <name>__TI_prof_data_size</name>
         <value>0xffffffff</value>
      </symbol>
      <symbol id="sm-c">
         <name>__TI_static_base__</name>
         <value>0x0</value>
      </symbol>
      <symbol id="sm-68">
         <name>main</name>
         <value>0xe9</value>
         <object_component_ref idref="oc-99"/>
      </symbol>
      <symbol id="sm-81">
         <name>SystemInit</name>
         <value>0x1fd</value>
         <object_component_ref idref="oc-ab"/>
      </symbol>
      <symbol id="sm-9d">
         <name>Reset_Handler</name>
         <value>0x3d5</value>
         <object_component_ref idref="oc-67"/>
      </symbol>
      <symbol id="sm-9e">
         <name>Default_Handler</name>
         <value>0x3e9</value>
         <object_component_ref idref="oc-6d"/>
      </symbol>
      <symbol id="sm-9f">
         <name>interruptVectors</name>
         <value>0x0</value>
         <object_component_ref idref="oc-26"/>
      </symbol>
      <symbol id="sm-fe">
         <name>GPIO_setOutputHighOnPin</name>
         <value>0x385</value>
         <object_component_ref idref="oc-e2"/>
      </symbol>
      <symbol id="sm-ff">
         <name>GPIO_setAsInputPinWithPullUpResistor</name>
         <value>0x291</value>
         <object_component_ref idref="oc-d0"/>
      </symbol>
      <symbol id="sm-100">
         <name>GPIO_setAsOutputPin</name>
         <value>0x2e9</value>
         <object_component_ref idref="oc-ca"/>
      </symbol>
      <symbol id="sm-101">
         <name>GPIO_setOutputLowOnPin</name>
         <value>0x3ad</value>
         <object_component_ref idref="oc-d6"/>
      </symbol>
      <symbol id="sm-102">
         <name>GPIO_getInputPinValue</name>
         <value>0x329</value>
         <object_component_ref idref="oc-dc"/>
      </symbol>
      <symbol id="sm-119">
         <name>_c_int00_noinit_noargs</name>
         <value>0x359</value>
         <object_component_ref idref="oc-4f"/>
      </symbol>
      <symbol id="sm-11a">
         <name>__stack</name>
         <value>0x2003fe00</value>
         <object_component_ref idref="oc-29"/>
      </symbol>
      <symbol id="sm-127">
         <name>_system_pre_init</name>
         <value>0x3e1</value>
         <object_component_ref idref="oc-93"/>
      </symbol>
      <symbol id="sm-133">
         <name>C$$EXIT</name>
         <value>0x3e5</value>
         <object_component_ref idref="oc-e9"/>
      </symbol>
      <symbol id="sm-134">
         <name>abort</name>
         <value>0x3e5</value>
         <object_component_ref idref="oc-e9"/>
      </symbol>
      <symbol id="sm-137">
         <name>__mpu_init</name>
         <value>0x0</value>
      </symbol>
      <symbol id="sm-138">
         <name>NMI_Handler</name>
         <value>0x3e9</value>
      </symbol>
      <symbol id="sm-139">
         <name>HardFault_Handler</name>
         <value>0x3e9</value>
      </symbol>
      <symbol id="sm-13a">
         <name>MemManage_Handler</name>
         <value>0x3e9</value>
      </symbol>
      <symbol id="sm-13b">
         <name>BusFault_Handler</name>
         <value>0x3e9</value>
      </symbol>
      <symbol id="sm-13c">
         <name>UsageFault_Handler</name>
         <value>0x3e9</value>
      </symbol>
      <symbol id="sm-13d">
         <name>SVC_Handler</name>
         <value>0x3e9</value>
      </symbol>
      <symbol id="sm-13e">
         <name>DebugMon_Handler</name>
         <value>0x3e9</value>
      </symbol>
      <symbol id="sm-13f">
         <name>PendSV_Handler</name>
         <value>0x3e9</value>
      </symbol>
      <symbol id="sm-140">
         <name>SysTick_Handler</name>
         <value>0x3e9</value>
      </symbol>
      <symbol id="sm-141">
         <name>PSS_IRQHandler</name>
         <value>0x3e9</value>
      </symbol>
      <symbol id="sm-142">
         <name>CS_IRQHandler</name>
         <value>0x3e9</value>
      </symbol>
      <symbol id="sm-143">
         <name>PCM_IRQHandler</name>
         <value>0x3e9</value>
      </symbol>
      <symbol id="sm-144">
         <name>WDT_A_IRQHandler</name>
         <value>0x3e9</value>
      </symbol>
      <symbol id="sm-145">
         <name>FPU_IRQHandler</name>
         <value>0x3e9</value>
      </symbol>
      <symbol id="sm-146">
         <name>FLCTL_A_IRQHandler</name>
         <value>0x3e9</value>
      </symbol>
      <symbol id="sm-147">
         <name>COMP_E0_IRQHandler</name>
         <value>0x3e9</value>
      </symbol>
      <symbol id="sm-148">
         <name>COMP_E1_IRQHandler</name>
         <value>0x3e9</value>
      </symbol>
      <symbol id="sm-149">
         <name>TA0_0_IRQHandler</name>
         <value>0x3e9</value>
      </symbol>
      <symbol id="sm-14a">
         <name>TA0_N_IRQHandler</name>
         <value>0x3e9</value>
      </symbol>
      <symbol id="sm-14b">
         <name>TA1_0_IRQHandler</name>
         <value>0x3e9</value>
      </symbol>
      <symbol id="sm-14c">
         <name>TA1_N_IRQHandler</name>
         <value>0x3e9</value>
      </symbol>
      <symbol id="sm-14d">
         <name>TA2_0_IRQHandler</name>
         <value>0x3e9</value>
      </symbol>
      <symbol id="sm-14e">
         <name>TA2_N_IRQHandler</name>
         <value>0x3e9</value>
      </symbol>
      <symbol id="sm-14f">
         <name>TA3_0_IRQHandler</name>
         <value>0x3e9</value>
      </symbol>
      <symbol id="sm-150">
         <name>TA3_N_IRQHandler</name>
         <value>0x3e9</value>
      </symbol>
      <symbol id="sm-151">
         <name>EUSCIA0_IRQHandler</name>
         <value>0x3e9</value>
      </symbol>
      <symbol id="sm-152">
         <name>EUSCIA1_IRQHandler</name>
         <value>0x3e9</value>
      </symbol>
      <symbol id="sm-153">
         <name>EUSCIA2_IRQHandler</name>
         <value>0x3e9</value>
      </symbol>
      <symbol id="sm-154">
         <name>EUSCIA3_IRQHandler</name>
         <value>0x3e9</value>
      </symbol>
      <symbol id="sm-155">
         <name>EUSCIB0_IRQHandler</name>
         <value>0x3e9</value>
      </symbol>
      <symbol id="sm-156">
         <name>EUSCIB1_IRQHandler</name>
         <value>0x3e9</value>
      </symbol>
      <symbol id="sm-157">
         <name>EUSCIB2_IRQHandler</name>
         <value>0x3e9</value>
      </symbol>
      <symbol id="sm-158">
         <name>EUSCIB3_IRQHandler</name>
         <value>0x3e9</value>
      </symbol>
      <symbol id="sm-159">
         <name>ADC14_IRQHandler</name>
         <value>0x3e9</value>
      </symbol>
      <symbol id="sm-15a">
         <name>T32_INT1_IRQHandler</name>
         <value>0x3e9</value>
      </symbol>
      <symbol id="sm-15b">
         <name>T32_INT2_IRQHandler</name>
         <value>0x3e9</value>
      </symbol>
      <symbol id="sm-15c">
         <name>T32_INTC_IRQHandler</name>
         <value>0x3e9</value>
      </symbol>
      <symbol id="sm-15d">
         <name>AES256_IRQHandler</name>
         <value>0x3e9</value>
      </symbol>
      <symbol id="sm-15e">
         <name>RTC_C_IRQHandler</name>
         <value>0x3e9</value>
      </symbol>
      <symbol id="sm-15f">
         <name>DMA_ERR_IRQHandler</name>
         <value>0x3e9</value>
      </symbol>
      <symbol id="sm-160">
         <name>DMA_INT3_IRQHandler</name>
         <value>0x3e9</value>
      </symbol>
      <symbol id="sm-161">
         <name>DMA_INT2_IRQHandler</name>
         <value>0x3e9</value>
      </symbol>
      <symbol id="sm-162">
         <name>DMA_INT1_IRQHandler</name>
         <value>0x3e9</value>
      </symbol>
      <symbol id="sm-163">
         <name>DMA_INT0_IRQHandler</name>
         <value>0x3e9</value>
      </symbol>
      <symbol id="sm-164">
         <name>PORT1_IRQHandler</name>
         <value>0x3e9</value>
      </symbol>
      <symbol id="sm-165">
         <name>PORT2_IRQHandler</name>
         <value>0x3e9</value>
      </symbol>
      <symbol id="sm-166">
         <name>PORT3_IRQHandler</name>
         <value>0x3e9</value>
      </symbol>
      <symbol id="sm-167">
         <name>PORT4_IRQHandler</name>
         <value>0x3e9</value>
      </symbol>
      <symbol id="sm-168">
         <name>PORT5_IRQHandler</name>
         <value>0x3e9</value>
      </symbol>
      <symbol id="sm-169">
         <name>PORT6_IRQHandler</name>
         <value>0x3e9</value>
      </symbol>
      <symbol id="sm-16a">
         <name>LCD_F_IRQHandler</name>
         <value>0x3e9</value>
      </symbol>
   </symbol_table>
   <title>Link successful</title>
</link_info>
