<?xml version="1.0" encoding="ISO-8859-1" ?>
<link_info>
   <banner>TI ARM Linker Unix v20.2.7.LTS</banner>
   <copyright>Copyright (c) 1996-2018 Texas Instruments Incorporated</copyright>
   <link_time>0x63c999bc</link_time>
   <link_errors>0x0</link_errors>
   <output_file>lab1_q1.out</output_file>
   <entry_point>
      <name>_c_int00_noargs</name>
      <address>0x311</address>
   </entry_point>
   <input_file_list>
      <input_file id="fl-1">
         <path>./</path>
         <kind>object</kind>
         <file>main.obj</file>
         <name>main.obj</name>
      </input_file>
      <input_file id="fl-2">
         <path>./</path>
         <kind>object</kind>
         <file>system_msp432p4111.obj</file>
         <name>system_msp432p4111.obj</name>
      </input_file>
      <input_file id="fl-3">
         <path>./ccs/</path>
         <kind>object</kind>
         <file>startup_msp432p4111_ccs.obj</file>
         <name>startup_msp432p4111_ccs.obj</name>
      </input_file>
      <input_file id="fl-d">
         <kind>object</kind>
         <file>&lt;internal&gt;</file>
         <name>&lt;internal&gt;</name>
      </input_file>
      <input_file id="fl-c3">
         <path>/Applications/ti/ccs1220/ccs/tools/compiler/ti-cgt-arm_20.2.7.LTS/lib/</path>
         <kind>archive</kind>
         <file>rtsv7M4_T_le_v4SPD16_eabi.lib</file>
         <name>copy_zero_init.c.obj</name>
      </input_file>
      <input_file id="fl-c4">
         <path>/Applications/ti/ccs1220/ccs/tools/compiler/ti-cgt-arm_20.2.7.LTS/lib/</path>
         <kind>archive</kind>
         <file>rtsv7M4_T_le_v4SPD16_eabi.lib</file>
         <name>copy_decompress_none.c.obj</name>
      </input_file>
      <input_file id="fl-c5">
         <path>/Applications/ti/ccs1220/ccs/tools/compiler/ti-cgt-arm_20.2.7.LTS/lib/</path>
         <kind>archive</kind>
         <file>rtsv7M4_T_le_v4SPD16_eabi.lib</file>
         <name>copy_decompress_lzss.c.obj</name>
      </input_file>
      <input_file id="fl-c6">
         <path>/Applications/ti/ccs1220/ccs/tools/compiler/ti-cgt-arm_20.2.7.LTS/lib/</path>
         <kind>archive</kind>
         <file>rtsv7M4_T_le_v4SPD16_eabi.lib</file>
         <name>boot_cortex_m.c.obj</name>
      </input_file>
      <input_file id="fl-c7">
         <path>/Applications/ti/ccs1220/ccs/tools/compiler/ti-cgt-arm_20.2.7.LTS/lib/</path>
         <kind>archive</kind>
         <file>rtsv7M4_T_le_v4SPD16_eabi.lib</file>
         <name>memcpy_t2.asm.obj</name>
      </input_file>
      <input_file id="fl-c8">
         <path>/Applications/ti/ccs1220/ccs/tools/compiler/ti-cgt-arm_20.2.7.LTS/lib/</path>
         <kind>archive</kind>
         <file>rtsv7M4_T_le_v4SPD16_eabi.lib</file>
         <name>memset_t2.asm.obj</name>
      </input_file>
      <input_file id="fl-c9">
         <path>/Applications/ti/ccs1220/ccs/tools/compiler/ti-cgt-arm_20.2.7.LTS/lib/</path>
         <kind>archive</kind>
         <file>rtsv7M4_T_le_v4SPD16_eabi.lib</file>
         <name>autoinit.c.obj</name>
      </input_file>
      <input_file id="fl-ca">
         <path>/Applications/ti/ccs1220/ccs/tools/compiler/ti-cgt-arm_20.2.7.LTS/lib/</path>
         <kind>archive</kind>
         <file>rtsv7M4_T_le_v4SPD16_eabi.lib</file>
         <name>pre_init.c.obj</name>
      </input_file>
      <input_file id="fl-cb">
         <path>/Applications/ti/ccs1220/ccs/tools/compiler/ti-cgt-arm_20.2.7.LTS/lib/</path>
         <kind>archive</kind>
         <file>rtsv7M4_T_le_v4SPD16_eabi.lib</file>
         <name>cpy_tbl.c.obj</name>
      </input_file>
      <input_file id="fl-cc">
         <path>/Applications/ti/ccs1220/ccs/tools/compiler/ti-cgt-arm_20.2.7.LTS/lib/</path>
         <kind>archive</kind>
         <file>rtsv7M4_T_le_v4SPD16_eabi.lib</file>
         <name>exit.c.obj</name>
      </input_file>
      <input_file id="fl-cd">
         <path>/Applications/ti/ccs1220/ccs/tools/compiler/ti-cgt-arm_20.2.7.LTS/lib/</path>
         <kind>archive</kind>
         <file>rtsv7M4_T_le_v4SPD16_eabi.lib</file>
         <name>_lock.c.obj</name>
      </input_file>
      <input_file id="fl-ce">
         <path>/Applications/ti/ccs1220/ccs/tools/compiler/ti-cgt-arm_20.2.7.LTS/lib/</path>
         <kind>archive</kind>
         <file>rtsv7M4_T_le_v4SPD16_eabi.lib</file>
         <name>args_main.c.obj</name>
      </input_file>
   </input_file_list>
   <object_component_list>
      <object_component id="oc-26">
         <name>.intvecs:retain</name>
         <load_address>0x0</load_address>
         <run_address>0x0</run_address>
         <size>0xe8</size>
         <input_file_ref idref="fl-3"/>
      </object_component>
      <object_component id="oc-37">
         <name>.text</name>
         <load_address>0xe8</load_address>
         <run_address>0xe8</run_address>
         <size>0x9c</size>
         <input_file_ref idref="fl-c7"/>
      </object_component>
      <object_component id="oc-ab">
         <name>.text:SystemInit</name>
         <load_address>0x184</load_address>
         <run_address>0x184</run_address>
         <size>0x94</size>
         <input_file_ref idref="fl-2"/>
      </object_component>
      <object_component id="oc-17">
         <name>.text:decompress:lzss:__TI_decompress_lzss</name>
         <load_address>0x218</load_address>
         <run_address>0x218</run_address>
         <size>0x68</size>
         <input_file_ref idref="fl-c5"/>
      </object_component>
      <object_component id="oc-99">
         <name>.text:main</name>
         <load_address>0x280</load_address>
         <run_address>0x280</run_address>
         <size>0x4c</size>
         <input_file_ref idref="fl-1"/>
      </object_component>
      <object_component id="oc-df">
         <name>.text:__TI_auto_init_nobinit_nopinit:__TI_auto_init_nobinit_nopinit</name>
         <load_address>0x2cc</load_address>
         <run_address>0x2cc</run_address>
         <size>0x44</size>
         <input_file_ref idref="fl-c9"/>
      </object_component>
      <object_component id="oc-55">
         <name>.text:_c_int00_noargs:_c_int00_noargs</name>
         <load_address>0x310</load_address>
         <run_address>0x310</run_address>
         <size>0x34</size>
         <input_file_ref idref="fl-c6"/>
      </object_component>
      <object_component id="oc-43">
         <name>.text:decompress:ZI:__TI_zero_init_nomemset:__TI_zero_init_nomemset</name>
         <load_address>0x344</load_address>
         <run_address>0x344</run_address>
         <size>0x1c</size>
         <input_file_ref idref="fl-c3"/>
      </object_component>
      <object_component id="oc-1d">
         <name>.text:decompress:none:__TI_decompress_none</name>
         <load_address>0x360</load_address>
         <run_address>0x360</run_address>
         <size>0xe</size>
         <input_file_ref idref="fl-c4"/>
      </object_component>
      <object_component id="oc-67">
         <name>.text:Reset_Handler</name>
         <load_address>0x36e</load_address>
         <run_address>0x36e</run_address>
         <size>0xc</size>
         <input_file_ref idref="fl-3"/>
      </object_component>
      <object_component id="oc-93">
         <name>.text:_system_pre_init</name>
         <load_address>0x37a</load_address>
         <run_address>0x37a</run_address>
         <size>0x4</size>
         <input_file_ref idref="fl-ca"/>
      </object_component>
      <object_component id="oc-d3">
         <name>.text:abort:abort</name>
         <load_address>0x37e</load_address>
         <run_address>0x37e</run_address>
         <size>0x4</size>
         <input_file_ref idref="fl-cc"/>
      </object_component>
      <object_component id="oc-6d">
         <name>.text:Default_Handler</name>
         <load_address>0x382</load_address>
         <run_address>0x382</run_address>
         <size>0x2</size>
         <input_file_ref idref="fl-3"/>
      </object_component>
      <object_component id="oc-1a9">
         <name>__TI_handler_table</name>
         <load_address>0x388</load_address>
         <run_address>0x388</run_address>
         <size>0xc</size>
      </object_component>
      <object_component id="oc-1ac">
         <name>.cinit..bss.load</name>
         <load_address>0x398</load_address>
         <run_address>0x398</run_address>
         <size>0x8</size>
      </object_component>
      <object_component id="oc-1ab">
         <name>.cinit..data.load</name>
         <load_address>0x3a0</load_address>
         <run_address>0x3a0</run_address>
         <size>0x6</size>
      </object_component>
      <object_component id="oc-1aa">
         <name>__TI_cinit_table</name>
         <load_address>0x3a8</load_address>
         <run_address>0x3a8</run_address>
         <size>0x10</size>
      </object_component>
      <object_component id="oc-17d">
         <name>.binit</name>
         <load_address>0x0</load_address>
         <run_address>0x0</run_address>
         <size>0x0</size>
      </object_component>
      <object_component id="oc-cd">
         <name>.data</name>
         <load_address>0x20000003</load_address>
         <run_address>0x20000003</run_address>
         <size>0x2</size>
         <input_file_ref idref="fl-1"/>
      </object_component>
      <object_component id="oc-ca">
         <name>.common:num3</name>
         <uninitialized>true</uninitialized>
         <run_address>0x20000000</run_address>
         <size>0x1</size>
      </object_component>
      <object_component id="oc-d0">
         <name>.common:num4</name>
         <uninitialized>true</uninitialized>
         <run_address>0x20000001</run_address>
         <size>0x1</size>
      </object_component>
      <object_component id="oc-d1">
         <name>.common:num5</name>
         <uninitialized>true</uninitialized>
         <run_address>0x20000002</run_address>
         <size>0x1</size>
      </object_component>
      <object_component id="oc-29">
         <name>.stack</name>
         <uninitialized>true</uninitialized>
         <run_address>0x2003fe00</run_address>
         <size>0x4</size>
         <input_file_ref idref="fl-c6"/>
      </object_component>
      <object_component id="oc-1ae">
         <name>.stack</name>
         <uninitialized>true</uninitialized>
         <run_address>0x2003fe00</run_address>
         <size>0x0</size>
      </object_component>
      <object_component id="oc-cb">
         <name>.debug_info</name>
         <load_address>0x0</load_address>
         <run_address>0x0</run_address>
         <size>0x5b6</size>
         <input_file_ref idref="fl-1"/>
      </object_component>
      <object_component id="oc-ce">
         <name>.debug_info</name>
         <load_address>0x5b6</load_address>
         <run_address>0x5b6</run_address>
         <size>0xe2</size>
         <input_file_ref idref="fl-1"/>
      </object_component>
      <object_component id="oc-9a">
         <name>.debug_info</name>
         <load_address>0x698</load_address>
         <run_address>0x698</run_address>
         <size>0xe8</size>
         <input_file_ref idref="fl-1"/>
      </object_component>
      <object_component id="oc-119">
         <name>.debug_info</name>
         <load_address>0x780</load_address>
         <run_address>0x780</run_address>
         <size>0x3c27</size>
         <input_file_ref idref="fl-1"/>
      </object_component>
      <object_component id="oc-b5">
         <name>.debug_info</name>
         <load_address>0x43a7</load_address>
         <run_address>0x43a7</run_address>
         <size>0x26b</size>
         <input_file_ref idref="fl-1"/>
      </object_component>
      <object_component id="oc-11e">
         <name>.debug_info</name>
         <load_address>0x4612</load_address>
         <run_address>0x4612</run_address>
         <size>0x1028</size>
         <input_file_ref idref="fl-1"/>
      </object_component>
      <object_component id="oc-32">
         <name>.debug_info</name>
         <load_address>0x563a</load_address>
         <run_address>0x563a</run_address>
         <size>0x84</size>
         <input_file_ref idref="fl-1"/>
      </object_component>
      <object_component id="oc-112">
         <name>.debug_info</name>
         <load_address>0x56be</load_address>
         <run_address>0x56be</run_address>
         <size>0x2a4</size>
         <input_file_ref idref="fl-1"/>
      </object_component>
      <object_component id="oc-123">
         <name>.debug_info</name>
         <load_address>0x5962</load_address>
         <run_address>0x5962</run_address>
         <size>0xbb</size>
         <input_file_ref idref="fl-1"/>
      </object_component>
      <object_component id="oc-ac">
         <name>.debug_info</name>
         <load_address>0x5a1d</load_address>
         <run_address>0x5a1d</run_address>
         <size>0x12c</size>
         <input_file_ref idref="fl-2"/>
      </object_component>
      <object_component id="oc-75">
         <name>.debug_info</name>
         <load_address>0x5b49</load_address>
         <run_address>0x5b49</run_address>
         <size>0x2cc</size>
         <input_file_ref idref="fl-3"/>
      </object_component>
      <object_component id="oc-27">
         <name>.debug_info</name>
         <load_address>0x5e15</load_address>
         <run_address>0x5e15</run_address>
         <size>0xf8</size>
         <input_file_ref idref="fl-3"/>
      </object_component>
      <object_component id="oc-68">
         <name>.debug_info</name>
         <load_address>0x5f0d</load_address>
         <run_address>0x5f0d</run_address>
         <size>0x15b</size>
         <input_file_ref idref="fl-3"/>
      </object_component>
      <object_component id="oc-6e">
         <name>.debug_info</name>
         <load_address>0x6068</load_address>
         <run_address>0x6068</run_address>
         <size>0x143</size>
         <input_file_ref idref="fl-3"/>
      </object_component>
      <object_component id="oc-8c">
         <name>.debug_info</name>
         <load_address>0x61ab</load_address>
         <run_address>0x61ab</run_address>
         <size>0x2d4</size>
         <input_file_ref idref="fl-c3"/>
      </object_component>
      <object_component id="oc-47">
         <name>.debug_info</name>
         <load_address>0x647f</load_address>
         <run_address>0x647f</run_address>
         <size>0x1d2</size>
         <input_file_ref idref="fl-c3"/>
      </object_component>
      <object_component id="oc-87">
         <name>.debug_info</name>
         <load_address>0x6651</load_address>
         <run_address>0x6651</run_address>
         <size>0x46</size>
         <input_file_ref idref="fl-c3"/>
      </object_component>
      <object_component id="oc-c1">
         <name>.debug_info</name>
         <load_address>0x6697</load_address>
         <run_address>0x6697</run_address>
         <size>0x2c</size>
         <input_file_ref idref="fl-c3"/>
      </object_component>
      <object_component id="oc-42">
         <name>.debug_info</name>
         <load_address>0x66c3</load_address>
         <run_address>0x66c3</run_address>
         <size>0x2a8</size>
         <input_file_ref idref="fl-c4"/>
      </object_component>
      <object_component id="oc-1e">
         <name>.debug_info</name>
         <load_address>0x696b</load_address>
         <run_address>0x696b</run_address>
         <size>0x1ea</size>
         <input_file_ref idref="fl-c4"/>
      </object_component>
      <object_component id="oc-3d">
         <name>.debug_info</name>
         <load_address>0x6b55</load_address>
         <run_address>0x6b55</run_address>
         <size>0x46</size>
         <input_file_ref idref="fl-c4"/>
      </object_component>
      <object_component id="oc-7f">
         <name>.debug_info</name>
         <load_address>0x6b9b</load_address>
         <run_address>0x6b9b</run_address>
         <size>0x2c</size>
         <input_file_ref idref="fl-c4"/>
      </object_component>
      <object_component id="oc-7d">
         <name>.debug_info</name>
         <load_address>0x6bc7</load_address>
         <run_address>0x6bc7</run_address>
         <size>0x29e</size>
         <input_file_ref idref="fl-c5"/>
      </object_component>
      <object_component id="oc-18">
         <name>.debug_info</name>
         <load_address>0x6e65</load_address>
         <run_address>0x6e65</run_address>
         <size>0x250</size>
         <input_file_ref idref="fl-c5"/>
      </object_component>
      <object_component id="oc-2d">
         <name>.debug_info</name>
         <load_address>0x70b5</load_address>
         <run_address>0x70b5</run_address>
         <size>0x60</size>
         <input_file_ref idref="fl-c5"/>
      </object_component>
      <object_component id="oc-ba">
         <name>.debug_info</name>
         <load_address>0x7115</load_address>
         <run_address>0x7115</run_address>
         <size>0x46</size>
         <input_file_ref idref="fl-c5"/>
      </object_component>
      <object_component id="oc-78">
         <name>.debug_info</name>
         <load_address>0x715b</load_address>
         <run_address>0x715b</run_address>
         <size>0x39</size>
         <input_file_ref idref="fl-c5"/>
      </object_component>
      <object_component id="oc-2a">
         <name>.debug_info</name>
         <load_address>0x7194</load_address>
         <run_address>0x7194</run_address>
         <size>0x10b</size>
         <input_file_ref idref="fl-c6"/>
      </object_component>
      <object_component id="oc-57">
         <name>.debug_info</name>
         <load_address>0x729f</load_address>
         <run_address>0x729f</run_address>
         <size>0x1a9</size>
         <input_file_ref idref="fl-c6"/>
      </object_component>
      <object_component id="oc-38">
         <name>.debug_info</name>
         <load_address>0x7448</load_address>
         <run_address>0x7448</run_address>
         <size>0x119</size>
         <input_file_ref idref="fl-c7"/>
      </object_component>
      <object_component id="oc-135">
         <name>.debug_info</name>
         <load_address>0x7561</load_address>
         <run_address>0x7561</run_address>
         <size>0x4b3</size>
         <input_file_ref idref="fl-c9"/>
      </object_component>
      <object_component id="oc-e0">
         <name>.debug_info</name>
         <load_address>0x7a14</load_address>
         <run_address>0x7a14</run_address>
         <size>0x1a6</size>
         <input_file_ref idref="fl-c9"/>
      </object_component>
      <object_component id="oc-15a">
         <name>.debug_info</name>
         <load_address>0x7bba</load_address>
         <run_address>0x7bba</run_address>
         <size>0x39</size>
         <input_file_ref idref="fl-c9"/>
      </object_component>
      <object_component id="oc-16e">
         <name>.debug_info</name>
         <load_address>0x7bf3</load_address>
         <run_address>0x7bf3</run_address>
         <size>0x39</size>
         <input_file_ref idref="fl-c9"/>
      </object_component>
      <object_component id="oc-15f">
         <name>.debug_info</name>
         <load_address>0x7c2c</load_address>
         <run_address>0x7c2c</run_address>
         <size>0x39</size>
         <input_file_ref idref="fl-c9"/>
      </object_component>
      <object_component id="oc-164">
         <name>.debug_info</name>
         <load_address>0x7c65</load_address>
         <run_address>0x7c65</run_address>
         <size>0xcd</size>
         <input_file_ref idref="fl-c9"/>
      </object_component>
      <object_component id="oc-94">
         <name>.debug_info</name>
         <load_address>0x7d32</load_address>
         <run_address>0x7d32</run_address>
         <size>0x153</size>
         <input_file_ref idref="fl-ca"/>
      </object_component>
      <object_component id="oc-d4">
         <name>.debug_info</name>
         <load_address>0x7e85</load_address>
         <run_address>0x7e85</run_address>
         <size>0x122</size>
         <input_file_ref idref="fl-cc"/>
      </object_component>
      <object_component id="oc-1af">
         <name>.debug_info</name>
         <load_address>0x7fa7</load_address>
         <run_address>0x7fa7</run_address>
         <size>0xa0</size>
      </object_component>
      <object_component id="oc-118">
         <name>.debug_line</name>
         <load_address>0x0</load_address>
         <run_address>0x0</run_address>
         <size>0x2d</size>
         <input_file_ref idref="fl-1"/>
      </object_component>
      <object_component id="oc-129">
         <name>.debug_line</name>
         <load_address>0x2d</load_address>
         <run_address>0x2d</run_address>
         <size>0x2d</size>
         <input_file_ref idref="fl-1"/>
      </object_component>
      <object_component id="oc-9d">
         <name>.debug_line</name>
         <load_address>0x5a</load_address>
         <run_address>0x5a</run_address>
         <size>0x47</size>
         <input_file_ref idref="fl-1"/>
      </object_component>
      <object_component id="oc-11c">
         <name>.debug_line</name>
         <load_address>0xa1</load_address>
         <run_address>0xa1</run_address>
         <size>0x86</size>
         <input_file_ref idref="fl-1"/>
      </object_component>
      <object_component id="oc-b8">
         <name>.debug_line</name>
         <load_address>0x127</load_address>
         <run_address>0x127</run_address>
         <size>0x7a</size>
         <input_file_ref idref="fl-1"/>
      </object_component>
      <object_component id="oc-121">
         <name>.debug_line</name>
         <load_address>0x1a1</load_address>
         <run_address>0x1a1</run_address>
         <size>0x83</size>
         <input_file_ref idref="fl-1"/>
      </object_component>
      <object_component id="oc-35">
         <name>.debug_line</name>
         <load_address>0x224</load_address>
         <run_address>0x224</run_address>
         <size>0x20</size>
         <input_file_ref idref="fl-1"/>
      </object_component>
      <object_component id="oc-115">
         <name>.debug_line</name>
         <load_address>0x244</load_address>
         <run_address>0x244</run_address>
         <size>0x7e</size>
         <input_file_ref idref="fl-1"/>
      </object_component>
      <object_component id="oc-126">
         <name>.debug_line</name>
         <load_address>0x2c2</load_address>
         <run_address>0x2c2</run_address>
         <size>0x7b</size>
         <input_file_ref idref="fl-1"/>
      </object_component>
      <object_component id="oc-af">
         <name>.debug_line</name>
         <load_address>0x33d</load_address>
         <run_address>0x33d</run_address>
         <size>0x72</size>
         <input_file_ref idref="fl-2"/>
      </object_component>
      <object_component id="oc-b4">
         <name>.debug_line</name>
         <load_address>0x3af</load_address>
         <run_address>0x3af</run_address>
         <size>0x44</size>
         <input_file_ref idref="fl-3"/>
      </object_component>
      <object_component id="oc-74">
         <name>.debug_line</name>
         <load_address>0x3f3</load_address>
         <run_address>0x3f3</run_address>
         <size>0x44</size>
         <input_file_ref idref="fl-3"/>
      </object_component>
      <object_component id="oc-6b">
         <name>.debug_line</name>
         <load_address>0x437</load_address>
         <run_address>0x437</run_address>
         <size>0x5d</size>
         <input_file_ref idref="fl-3"/>
      </object_component>
      <object_component id="oc-71">
         <name>.debug_line</name>
         <load_address>0x494</load_address>
         <run_address>0x494</run_address>
         <size>0x59</size>
         <input_file_ref idref="fl-3"/>
      </object_component>
      <object_component id="oc-c7">
         <name>.debug_line</name>
         <load_address>0x4ed</load_address>
         <run_address>0x4ed</run_address>
         <size>0x92</size>
         <input_file_ref idref="fl-c3"/>
      </object_component>
      <object_component id="oc-44">
         <name>.debug_line</name>
         <load_address>0x57f</load_address>
         <run_address>0x57f</run_address>
         <size>0x4c</size>
         <input_file_ref idref="fl-c3"/>
      </object_component>
      <object_component id="oc-8a">
         <name>.debug_line</name>
         <load_address>0x5cb</load_address>
         <run_address>0x5cb</run_address>
         <size>0x34</size>
         <input_file_ref idref="fl-c3"/>
      </object_component>
      <object_component id="oc-c4">
         <name>.debug_line</name>
         <load_address>0x5ff</load_address>
         <run_address>0x5ff</run_address>
         <size>0x92</size>
         <input_file_ref idref="fl-c3"/>
      </object_component>
      <object_component id="oc-85">
         <name>.debug_line</name>
         <load_address>0x691</load_address>
         <run_address>0x691</run_address>
         <size>0x20</size>
         <input_file_ref idref="fl-c4"/>
      </object_component>
      <object_component id="oc-21">
         <name>.debug_line</name>
         <load_address>0x6b1</load_address>
         <run_address>0x6b1</run_address>
         <size>0x55</size>
         <input_file_ref idref="fl-c4"/>
      </object_component>
      <object_component id="oc-40">
         <name>.debug_line</name>
         <load_address>0x706</load_address>
         <run_address>0x706</run_address>
         <size>0x3a</size>
         <input_file_ref idref="fl-c4"/>
      </object_component>
      <object_component id="oc-82">
         <name>.debug_line</name>
         <load_address>0x740</load_address>
         <run_address>0x740</run_address>
         <size>0x92</size>
         <input_file_ref idref="fl-c4"/>
      </object_component>
      <object_component id="oc-c0">
         <name>.debug_line</name>
         <load_address>0x7d2</load_address>
         <run_address>0x7d2</run_address>
         <size>0x20</size>
         <input_file_ref idref="fl-c5"/>
      </object_component>
      <object_component id="oc-1b">
         <name>.debug_line</name>
         <load_address>0x7f2</load_address>
         <run_address>0x7f2</run_address>
         <size>0xa9</size>
         <input_file_ref idref="fl-c5"/>
      </object_component>
      <object_component id="oc-30">
         <name>.debug_line</name>
         <load_address>0x89b</load_address>
         <run_address>0x89b</run_address>
         <size>0x3a</size>
         <input_file_ref idref="fl-c5"/>
      </object_component>
      <object_component id="oc-bd">
         <name>.debug_line</name>
         <load_address>0x8d5</load_address>
         <run_address>0x8d5</run_address>
         <size>0x9a</size>
         <input_file_ref idref="fl-c5"/>
      </object_component>
      <object_component id="oc-7b">
         <name>.debug_line</name>
         <load_address>0x96f</load_address>
         <run_address>0x96f</run_address>
         <size>0x96</size>
         <input_file_ref idref="fl-c5"/>
      </object_component>
      <object_component id="oc-77">
         <name>.debug_line</name>
         <load_address>0xa05</load_address>
         <run_address>0xa05</run_address>
         <size>0x33</size>
         <input_file_ref idref="fl-c6"/>
      </object_component>
      <object_component id="oc-5a">
         <name>.debug_line</name>
         <load_address>0xa38</load_address>
         <run_address>0xa38</run_address>
         <size>0x45</size>
         <input_file_ref idref="fl-c6"/>
      </object_component>
      <object_component id="oc-3b">
         <name>.debug_line</name>
         <load_address>0xa7d</load_address>
         <run_address>0xa7d</run_address>
         <size>0x88</size>
         <input_file_ref idref="fl-c7"/>
      </object_component>
      <object_component id="oc-159">
         <name>.debug_line</name>
         <load_address>0xb05</load_address>
         <run_address>0xb05</run_address>
         <size>0xbf</size>
         <input_file_ref idref="fl-c9"/>
      </object_component>
      <object_component id="oc-e3">
         <name>.debug_line</name>
         <load_address>0xbc4</load_address>
         <run_address>0xbc4</run_address>
         <size>0x6f</size>
         <input_file_ref idref="fl-c9"/>
      </object_component>
      <object_component id="oc-15d">
         <name>.debug_line</name>
         <load_address>0xc33</load_address>
         <run_address>0xc33</run_address>
         <size>0x2e</size>
         <input_file_ref idref="fl-c9"/>
      </object_component>
      <object_component id="oc-171">
         <name>.debug_line</name>
         <load_address>0xc61</load_address>
         <run_address>0xc61</run_address>
         <size>0x9a</size>
         <input_file_ref idref="fl-c9"/>
      </object_component>
      <object_component id="oc-162">
         <name>.debug_line</name>
         <load_address>0xcfb</load_address>
         <run_address>0xcfb</run_address>
         <size>0x97</size>
         <input_file_ref idref="fl-c9"/>
      </object_component>
      <object_component id="oc-167">
         <name>.debug_line</name>
         <load_address>0xd92</load_address>
         <run_address>0xd92</run_address>
         <size>0x93</size>
         <input_file_ref idref="fl-c9"/>
      </object_component>
      <object_component id="oc-97">
         <name>.debug_line</name>
         <load_address>0xe25</load_address>
         <run_address>0xe25</run_address>
         <size>0x40</size>
         <input_file_ref idref="fl-ca"/>
      </object_component>
      <object_component id="oc-d7">
         <name>.debug_line</name>
         <load_address>0xe65</load_address>
         <run_address>0xe65</run_address>
         <size>0x3c</size>
         <input_file_ref idref="fl-cc"/>
      </object_component>
      <object_component id="oc-9e">
         <name>.debug_frame</name>
         <load_address>0x0</load_address>
         <run_address>0x0</run_address>
         <size>0x54</size>
         <input_file_ref idref="fl-1"/>
      </object_component>
      <object_component id="oc-b0">
         <name>.debug_frame</name>
         <load_address>0x54</load_address>
         <run_address>0x54</run_address>
         <size>0x54</size>
         <input_file_ref idref="fl-2"/>
      </object_component>
      <object_component id="oc-6c">
         <name>.debug_frame</name>
         <load_address>0xa8</load_address>
         <run_address>0xa8</run_address>
         <size>0x58</size>
         <input_file_ref idref="fl-3"/>
      </object_component>
      <object_component id="oc-72">
         <name>.debug_frame</name>
         <load_address>0x100</load_address>
         <run_address>0x100</run_address>
         <size>0x54</size>
         <input_file_ref idref="fl-3"/>
      </object_component>
      <object_component id="oc-45">
         <name>.debug_frame</name>
         <load_address>0x154</load_address>
         <run_address>0x154</run_address>
         <size>0x54</size>
         <input_file_ref idref="fl-c3"/>
      </object_component>
      <object_component id="oc-22">
         <name>.debug_frame</name>
         <load_address>0x1a8</load_address>
         <run_address>0x1a8</run_address>
         <size>0x54</size>
         <input_file_ref idref="fl-c4"/>
      </object_component>
      <object_component id="oc-1c">
         <name>.debug_frame</name>
         <load_address>0x1fc</load_address>
         <run_address>0x1fc</run_address>
         <size>0x60</size>
         <input_file_ref idref="fl-c5"/>
      </object_component>
      <object_component id="oc-56">
         <name>.debug_frame</name>
         <load_address>0x25c</load_address>
         <run_address>0x25c</run_address>
         <size>0x50</size>
         <input_file_ref idref="fl-c6"/>
      </object_component>
      <object_component id="oc-e4">
         <name>.debug_frame</name>
         <load_address>0x2ac</load_address>
         <run_address>0x2ac</run_address>
         <size>0x5c</size>
         <input_file_ref idref="fl-c9"/>
      </object_component>
      <object_component id="oc-98">
         <name>.debug_frame</name>
         <load_address>0x308</load_address>
         <run_address>0x308</run_address>
         <size>0x54</size>
         <input_file_ref idref="fl-ca"/>
      </object_component>
      <object_component id="oc-d8">
         <name>.debug_frame</name>
         <load_address>0x35c</load_address>
         <run_address>0x35c</run_address>
         <size>0x54</size>
         <input_file_ref idref="fl-cc"/>
      </object_component>
      <object_component id="oc-117">
         <name>.debug_abbrev</name>
         <load_address>0x0</load_address>
         <run_address>0x0</run_address>
         <size>0x90</size>
         <input_file_ref idref="fl-1"/>
      </object_component>
      <object_component id="oc-128">
         <name>.debug_abbrev</name>
         <load_address>0x90</load_address>
         <run_address>0x90</run_address>
         <size>0x29</size>
         <input_file_ref idref="fl-1"/>
      </object_component>
      <object_component id="oc-d2">
         <name>.debug_abbrev</name>
         <load_address>0xb9</load_address>
         <run_address>0xb9</run_address>
         <size>0x42</size>
         <input_file_ref idref="fl-1"/>
      </object_component>
      <object_component id="oc-11b">
         <name>.debug_abbrev</name>
         <load_address>0xfb</load_address>
         <run_address>0xfb</run_address>
         <size>0xbd</size>
         <input_file_ref idref="fl-1"/>
      </object_component>
      <object_component id="oc-b7">
         <name>.debug_abbrev</name>
         <load_address>0x1b8</load_address>
         <run_address>0x1b8</run_address>
         <size>0x69</size>
         <input_file_ref idref="fl-1"/>
      </object_component>
      <object_component id="oc-120">
         <name>.debug_abbrev</name>
         <load_address>0x221</load_address>
         <run_address>0x221</run_address>
         <size>0x97</size>
         <input_file_ref idref="fl-1"/>
      </object_component>
      <object_component id="oc-34">
         <name>.debug_abbrev</name>
         <load_address>0x2b8</load_address>
         <run_address>0x2b8</run_address>
         <size>0x1f</size>
         <input_file_ref idref="fl-1"/>
      </object_component>
      <object_component id="oc-114">
         <name>.debug_abbrev</name>
         <load_address>0x2d7</load_address>
         <run_address>0x2d7</run_address>
         <size>0x5c</size>
         <input_file_ref idref="fl-1"/>
      </object_component>
      <object_component id="oc-125">
         <name>.debug_abbrev</name>
         <load_address>0x333</load_address>
         <run_address>0x333</run_address>
         <size>0x24</size>
         <input_file_ref idref="fl-1"/>
      </object_component>
      <object_component id="oc-111">
         <name>.debug_abbrev</name>
         <load_address>0x357</load_address>
         <run_address>0x357</run_address>
         <size>0x50</size>
         <input_file_ref idref="fl-2"/>
      </object_component>
      <object_component id="oc-b3">
         <name>.debug_abbrev</name>
         <load_address>0x3a7</load_address>
         <run_address>0x3a7</run_address>
         <size>0x7c</size>
         <input_file_ref idref="fl-3"/>
      </object_component>
      <object_component id="oc-73">
         <name>.debug_abbrev</name>
         <load_address>0x423</load_address>
         <run_address>0x423</run_address>
         <size>0x29</size>
         <input_file_ref idref="fl-3"/>
      </object_component>
      <object_component id="oc-b1">
         <name>.debug_abbrev</name>
         <load_address>0x44c</load_address>
         <run_address>0x44c</run_address>
         <size>0x5e</size>
         <input_file_ref idref="fl-3"/>
      </object_component>
      <object_component id="oc-b2">
         <name>.debug_abbrev</name>
         <load_address>0x4aa</load_address>
         <run_address>0x4aa</run_address>
         <size>0x42</size>
         <input_file_ref idref="fl-3"/>
      </object_component>
      <object_component id="oc-c6">
         <name>.debug_abbrev</name>
         <load_address>0x4ec</load_address>
         <run_address>0x4ec</run_address>
         <size>0x5d</size>
         <input_file_ref idref="fl-c3"/>
      </object_component>
      <object_component id="oc-86">
         <name>.debug_abbrev</name>
         <load_address>0x549</load_address>
         <run_address>0x549</run_address>
         <size>0x6f</size>
         <input_file_ref idref="fl-c3"/>
      </object_component>
      <object_component id="oc-89">
         <name>.debug_abbrev</name>
         <load_address>0x5b8</load_address>
         <run_address>0x5b8</run_address>
         <size>0x24</size>
         <input_file_ref idref="fl-c3"/>
      </object_component>
      <object_component id="oc-c3">
         <name>.debug_abbrev</name>
         <load_address>0x5dc</load_address>
         <run_address>0x5dc</run_address>
         <size>0x24</size>
         <input_file_ref idref="fl-c3"/>
      </object_component>
      <object_component id="oc-84">
         <name>.debug_abbrev</name>
         <load_address>0x600</load_address>
         <run_address>0x600</run_address>
         <size>0x37</size>
         <input_file_ref idref="fl-c4"/>
      </object_component>
      <object_component id="oc-3c">
         <name>.debug_abbrev</name>
         <load_address>0x637</load_address>
         <run_address>0x637</run_address>
         <size>0x74</size>
         <input_file_ref idref="fl-c4"/>
      </object_component>
      <object_component id="oc-3f">
         <name>.debug_abbrev</name>
         <load_address>0x6ab</load_address>
         <run_address>0x6ab</run_address>
         <size>0x24</size>
         <input_file_ref idref="fl-c4"/>
      </object_component>
      <object_component id="oc-81">
         <name>.debug_abbrev</name>
         <load_address>0x6cf</load_address>
         <run_address>0x6cf</run_address>
         <size>0x24</size>
         <input_file_ref idref="fl-c4"/>
      </object_component>
      <object_component id="oc-bf">
         <name>.debug_abbrev</name>
         <load_address>0x6f3</load_address>
         <run_address>0x6f3</run_address>
         <size>0x37</size>
         <input_file_ref idref="fl-c5"/>
      </object_component>
      <object_component id="oc-2c">
         <name>.debug_abbrev</name>
         <load_address>0x72a</load_address>
         <run_address>0x72a</run_address>
         <size>0x6f</size>
         <input_file_ref idref="fl-c5"/>
      </object_component>
      <object_component id="oc-2f">
         <name>.debug_abbrev</name>
         <load_address>0x799</load_address>
         <run_address>0x799</run_address>
         <size>0x24</size>
         <input_file_ref idref="fl-c5"/>
      </object_component>
      <object_component id="oc-bc">
         <name>.debug_abbrev</name>
         <load_address>0x7bd</load_address>
         <run_address>0x7bd</run_address>
         <size>0x35</size>
         <input_file_ref idref="fl-c5"/>
      </object_component>
      <object_component id="oc-7a">
         <name>.debug_abbrev</name>
         <load_address>0x7f2</load_address>
         <run_address>0x7f2</run_address>
         <size>0x24</size>
         <input_file_ref idref="fl-c5"/>
      </object_component>
      <object_component id="oc-76">
         <name>.debug_abbrev</name>
         <load_address>0x816</load_address>
         <run_address>0x816</run_address>
         <size>0x29</size>
         <input_file_ref idref="fl-c6"/>
      </object_component>
      <object_component id="oc-a2">
         <name>.debug_abbrev</name>
         <load_address>0x83f</load_address>
         <run_address>0x83f</run_address>
         <size>0x55</size>
         <input_file_ref idref="fl-c6"/>
      </object_component>
      <object_component id="oc-7e">
         <name>.debug_abbrev</name>
         <load_address>0x894</load_address>
         <run_address>0x894</run_address>
         <size>0x3e</size>
         <input_file_ref idref="fl-c7"/>
      </object_component>
      <object_component id="oc-158">
         <name>.debug_abbrev</name>
         <load_address>0x8d2</load_address>
         <run_address>0x8d2</run_address>
         <size>0xc0</size>
         <input_file_ref idref="fl-c9"/>
      </object_component>
      <object_component id="oc-134">
         <name>.debug_abbrev</name>
         <load_address>0x992</load_address>
         <run_address>0x992</run_address>
         <size>0x7e</size>
         <input_file_ref idref="fl-c9"/>
      </object_component>
      <object_component id="oc-15c">
         <name>.debug_abbrev</name>
         <load_address>0xa10</load_address>
         <run_address>0xa10</run_address>
         <size>0x24</size>
         <input_file_ref idref="fl-c9"/>
      </object_component>
      <object_component id="oc-170">
         <name>.debug_abbrev</name>
         <load_address>0xa34</load_address>
         <run_address>0xa34</run_address>
         <size>0x24</size>
         <input_file_ref idref="fl-c9"/>
      </object_component>
      <object_component id="oc-161">
         <name>.debug_abbrev</name>
         <load_address>0xa58</load_address>
         <run_address>0xa58</run_address>
         <size>0x24</size>
         <input_file_ref idref="fl-c9"/>
      </object_component>
      <object_component id="oc-166">
         <name>.debug_abbrev</name>
         <load_address>0xa7c</load_address>
         <run_address>0xa7c</run_address>
         <size>0x4b</size>
         <input_file_ref idref="fl-c9"/>
      </object_component>
      <object_component id="oc-c9">
         <name>.debug_abbrev</name>
         <load_address>0xac7</load_address>
         <run_address>0xac7</run_address>
         <size>0x55</size>
         <input_file_ref idref="fl-ca"/>
      </object_component>
      <object_component id="oc-12a">
         <name>.debug_abbrev</name>
         <load_address>0xb1c</load_address>
         <run_address>0xb1c</run_address>
         <size>0x45</size>
         <input_file_ref idref="fl-cc"/>
      </object_component>
      <object_component id="oc-1b0">
         <name>.debug_abbrev</name>
         <load_address>0xb61</load_address>
         <run_address>0xb61</run_address>
         <size>0xf</size>
      </object_component>
      <object_component id="oc-11d">
         <name>.debug_str</name>
         <load_address>0x0</load_address>
         <run_address>0x0</run_address>
         <size>0x1824</size>
         <input_file_ref idref="fl-1"/>
      </object_component>
      <object_component id="oc-b9">
         <name>.debug_str</name>
         <load_address>0x1824</load_address>
         <run_address>0x1824</run_address>
         <size>0x2bc</size>
         <input_file_ref idref="fl-1"/>
      </object_component>
      <object_component id="oc-122">
         <name>.debug_str</name>
         <load_address>0x1ae0</load_address>
         <run_address>0x1ae0</run_address>
         <size>0x49e</size>
         <input_file_ref idref="fl-1"/>
      </object_component>
      <object_component id="oc-36">
         <name>.debug_str</name>
         <load_address>0x1f7e</load_address>
         <run_address>0x1f7e</run_address>
         <size>0xff</size>
         <input_file_ref idref="fl-1"/>
      </object_component>
      <object_component id="oc-116">
         <name>.debug_str</name>
         <load_address>0x207d</load_address>
         <run_address>0x207d</run_address>
         <size>0x352</size>
         <input_file_ref idref="fl-1"/>
      </object_component>
      <object_component id="oc-127">
         <name>.debug_str</name>
         <load_address>0x23cf</load_address>
         <run_address>0x23cf</run_address>
         <size>0x154</size>
         <input_file_ref idref="fl-1"/>
      </object_component>
      <object_component id="oc-8b">
         <name>.debug_str</name>
         <load_address>0x2523</load_address>
         <run_address>0x2523</run_address>
         <size>0x105</size>
         <input_file_ref idref="fl-c3"/>
      </object_component>
      <object_component id="oc-c5">
         <name>.debug_str</name>
         <load_address>0x2628</load_address>
         <run_address>0x2628</run_address>
         <size>0x140</size>
         <input_file_ref idref="fl-c3"/>
      </object_component>
      <object_component id="oc-41">
         <name>.debug_str</name>
         <load_address>0x2768</load_address>
         <run_address>0x2768</run_address>
         <size>0x10b</size>
         <input_file_ref idref="fl-c4"/>
      </object_component>
      <object_component id="oc-83">
         <name>.debug_str</name>
         <load_address>0x2873</load_address>
         <run_address>0x2873</run_address>
         <size>0x140</size>
         <input_file_ref idref="fl-c4"/>
      </object_component>
      <object_component id="oc-31">
         <name>.debug_str</name>
         <load_address>0x29b3</load_address>
         <run_address>0x29b3</run_address>
         <size>0x118</size>
         <input_file_ref idref="fl-c5"/>
      </object_component>
      <object_component id="oc-be">
         <name>.debug_str</name>
         <load_address>0x2acb</load_address>
         <run_address>0x2acb</run_address>
         <size>0x16b</size>
         <input_file_ref idref="fl-c5"/>
      </object_component>
      <object_component id="oc-7c">
         <name>.debug_str</name>
         <load_address>0x2c36</load_address>
         <run_address>0x2c36</run_address>
         <size>0x158</size>
         <input_file_ref idref="fl-c5"/>
      </object_component>
      <object_component id="oc-15e">
         <name>.debug_str</name>
         <load_address>0x2d8e</load_address>
         <run_address>0x2d8e</run_address>
         <size>0xed</size>
         <input_file_ref idref="fl-c9"/>
      </object_component>
      <object_component id="oc-172">
         <name>.debug_str</name>
         <load_address>0x2e7b</load_address>
         <run_address>0x2e7b</run_address>
         <size>0x157</size>
         <input_file_ref idref="fl-c9"/>
      </object_component>
      <object_component id="oc-163">
         <name>.debug_str</name>
         <load_address>0x2fd2</load_address>
         <run_address>0x2fd2</run_address>
         <size>0x150</size>
         <input_file_ref idref="fl-c9"/>
      </object_component>
      <object_component id="oc-168">
         <name>.debug_str</name>
         <load_address>0x3122</load_address>
         <run_address>0x3122</run_address>
         <size>0x197</size>
         <input_file_ref idref="fl-c9"/>
      </object_component>
      <object_component id="oc-9b">
         <name>.debug_aranges</name>
         <load_address>0x0</load_address>
         <run_address>0x0</run_address>
         <size>0x20</size>
         <input_file_ref idref="fl-1"/>
      </object_component>
      <object_component id="oc-ad">
         <name>.debug_aranges</name>
         <load_address>0x20</load_address>
         <run_address>0x20</run_address>
         <size>0x20</size>
         <input_file_ref idref="fl-2"/>
      </object_component>
      <object_component id="oc-69">
         <name>.debug_aranges</name>
         <load_address>0x40</load_address>
         <run_address>0x40</run_address>
         <size>0x20</size>
         <input_file_ref idref="fl-3"/>
      </object_component>
      <object_component id="oc-6f">
         <name>.debug_aranges</name>
         <load_address>0x60</load_address>
         <run_address>0x60</run_address>
         <size>0x20</size>
         <input_file_ref idref="fl-3"/>
      </object_component>
      <object_component id="oc-46">
         <name>.debug_aranges</name>
         <load_address>0x80</load_address>
         <run_address>0x80</run_address>
         <size>0x20</size>
         <input_file_ref idref="fl-c3"/>
      </object_component>
      <object_component id="oc-1f">
         <name>.debug_aranges</name>
         <load_address>0xa0</load_address>
         <run_address>0xa0</run_address>
         <size>0x20</size>
         <input_file_ref idref="fl-c4"/>
      </object_component>
      <object_component id="oc-19">
         <name>.debug_aranges</name>
         <load_address>0xc0</load_address>
         <run_address>0xc0</run_address>
         <size>0x20</size>
         <input_file_ref idref="fl-c5"/>
      </object_component>
      <object_component id="oc-58">
         <name>.debug_aranges</name>
         <load_address>0xe0</load_address>
         <run_address>0xe0</run_address>
         <size>0x20</size>
         <input_file_ref idref="fl-c6"/>
      </object_component>
      <object_component id="oc-39">
         <name>.debug_aranges</name>
         <load_address>0x100</load_address>
         <run_address>0x100</run_address>
         <size>0x20</size>
         <input_file_ref idref="fl-c7"/>
      </object_component>
      <object_component id="oc-e1">
         <name>.debug_aranges</name>
         <load_address>0x120</load_address>
         <run_address>0x120</run_address>
         <size>0x20</size>
         <input_file_ref idref="fl-c9"/>
      </object_component>
      <object_component id="oc-95">
         <name>.debug_aranges</name>
         <load_address>0x140</load_address>
         <run_address>0x140</run_address>
         <size>0x20</size>
         <input_file_ref idref="fl-ca"/>
      </object_component>
      <object_component id="oc-d5">
         <name>.debug_aranges</name>
         <load_address>0x160</load_address>
         <run_address>0x160</run_address>
         <size>0x20</size>
         <input_file_ref idref="fl-cc"/>
      </object_component>
      <object_component id="oc-cc">
         <name>.debug_pubnames</name>
         <load_address>0x0</load_address>
         <run_address>0x0</run_address>
         <size>0x2d</size>
         <input_file_ref idref="fl-1"/>
      </object_component>
      <object_component id="oc-cf">
         <name>.debug_pubnames</name>
         <load_address>0x2d</load_address>
         <run_address>0x2d</run_address>
         <size>0x24</size>
         <input_file_ref idref="fl-1"/>
      </object_component>
      <object_component id="oc-9c">
         <name>.debug_pubnames</name>
         <load_address>0x51</load_address>
         <run_address>0x51</run_address>
         <size>0x1b</size>
         <input_file_ref idref="fl-1"/>
      </object_component>
      <object_component id="oc-ae">
         <name>.debug_pubnames</name>
         <load_address>0x6c</load_address>
         <run_address>0x6c</run_address>
         <size>0x21</size>
         <input_file_ref idref="fl-2"/>
      </object_component>
      <object_component id="oc-28">
         <name>.debug_pubnames</name>
         <load_address>0x8d</load_address>
         <run_address>0x8d</run_address>
         <size>0x27</size>
         <input_file_ref idref="fl-3"/>
      </object_component>
      <object_component id="oc-6a">
         <name>.debug_pubnames</name>
         <load_address>0xb4</load_address>
         <run_address>0xb4</run_address>
         <size>0x24</size>
         <input_file_ref idref="fl-3"/>
      </object_component>
      <object_component id="oc-70">
         <name>.debug_pubnames</name>
         <load_address>0xd8</load_address>
         <run_address>0xd8</run_address>
         <size>0x26</size>
         <input_file_ref idref="fl-3"/>
      </object_component>
      <object_component id="oc-48">
         <name>.debug_pubnames</name>
         <load_address>0xfe</load_address>
         <run_address>0xfe</run_address>
         <size>0x2e</size>
         <input_file_ref idref="fl-c3"/>
      </object_component>
      <object_component id="oc-20">
         <name>.debug_pubnames</name>
         <load_address>0x12c</load_address>
         <run_address>0x12c</run_address>
         <size>0x2b</size>
         <input_file_ref idref="fl-c4"/>
      </object_component>
      <object_component id="oc-1a">
         <name>.debug_pubnames</name>
         <load_address>0x157</load_address>
         <run_address>0x157</run_address>
         <size>0x2b</size>
         <input_file_ref idref="fl-c5"/>
      </object_component>
      <object_component id="oc-2b">
         <name>.debug_pubnames</name>
         <load_address>0x182</load_address>
         <run_address>0x182</run_address>
         <size>0x1e</size>
         <input_file_ref idref="fl-c6"/>
      </object_component>
      <object_component id="oc-59">
         <name>.debug_pubnames</name>
         <load_address>0x1a0</load_address>
         <run_address>0x1a0</run_address>
         <size>0x26</size>
         <input_file_ref idref="fl-c6"/>
      </object_component>
      <object_component id="oc-3a">
         <name>.debug_pubnames</name>
         <load_address>0x1c6</load_address>
         <run_address>0x1c6</run_address>
         <size>0x1d</size>
         <input_file_ref idref="fl-c7"/>
      </object_component>
      <object_component id="oc-e2">
         <name>.debug_pubnames</name>
         <load_address>0x1e3</load_address>
         <run_address>0x1e3</run_address>
         <size>0x35</size>
         <input_file_ref idref="fl-c9"/>
      </object_component>
      <object_component id="oc-96">
         <name>.debug_pubnames</name>
         <load_address>0x218</load_address>
         <run_address>0x218</run_address>
         <size>0x27</size>
         <input_file_ref idref="fl-ca"/>
      </object_component>
      <object_component id="oc-d6">
         <name>.debug_pubnames</name>
         <load_address>0x23f</load_address>
         <run_address>0x23f</run_address>
         <size>0x1c</size>
         <input_file_ref idref="fl-cc"/>
      </object_component>
      <object_component id="oc-11a">
         <name>.debug_pubtypes</name>
         <load_address>0x0</load_address>
         <run_address>0x0</run_address>
         <size>0x2e3</size>
         <input_file_ref idref="fl-1"/>
      </object_component>
      <object_component id="oc-b6">
         <name>.debug_pubtypes</name>
         <load_address>0x2e3</load_address>
         <run_address>0x2e3</run_address>
         <size>0x25c</size>
         <input_file_ref idref="fl-1"/>
      </object_component>
      <object_component id="oc-11f">
         <name>.debug_pubtypes</name>
         <load_address>0x53f</load_address>
         <run_address>0x53f</run_address>
         <size>0xdd</size>
         <input_file_ref idref="fl-1"/>
      </object_component>
      <object_component id="oc-33">
         <name>.debug_pubtypes</name>
         <load_address>0x61c</load_address>
         <run_address>0x61c</run_address>
         <size>0xed</size>
         <input_file_ref idref="fl-1"/>
      </object_component>
      <object_component id="oc-113">
         <name>.debug_pubtypes</name>
         <load_address>0x709</load_address>
         <run_address>0x709</run_address>
         <size>0x330</size>
         <input_file_ref idref="fl-1"/>
      </object_component>
      <object_component id="oc-124">
         <name>.debug_pubtypes</name>
         <load_address>0xa39</load_address>
         <run_address>0xa39</run_address>
         <size>0xaa</size>
         <input_file_ref idref="fl-1"/>
      </object_component>
      <object_component id="oc-88">
         <name>.debug_pubtypes</name>
         <load_address>0xae3</load_address>
         <run_address>0xae3</run_address>
         <size>0x48</size>
         <input_file_ref idref="fl-c3"/>
      </object_component>
      <object_component id="oc-c2">
         <name>.debug_pubtypes</name>
         <load_address>0xb2b</load_address>
         <run_address>0xb2b</run_address>
         <size>0x1d</size>
         <input_file_ref idref="fl-c3"/>
      </object_component>
      <object_component id="oc-3e">
         <name>.debug_pubtypes</name>
         <load_address>0xb48</load_address>
         <run_address>0xb48</run_address>
         <size>0x48</size>
         <input_file_ref idref="fl-c4"/>
      </object_component>
      <object_component id="oc-80">
         <name>.debug_pubtypes</name>
         <load_address>0xb90</load_address>
         <run_address>0xb90</run_address>
         <size>0x1d</size>
         <input_file_ref idref="fl-c4"/>
      </object_component>
      <object_component id="oc-2e">
         <name>.debug_pubtypes</name>
         <load_address>0xbad</load_address>
         <run_address>0xbad</run_address>
         <size>0x5d</size>
         <input_file_ref idref="fl-c5"/>
      </object_component>
      <object_component id="oc-bb">
         <name>.debug_pubtypes</name>
         <load_address>0xc0a</load_address>
         <run_address>0xc0a</run_address>
         <size>0x48</size>
         <input_file_ref idref="fl-c5"/>
      </object_component>
      <object_component id="oc-79">
         <name>.debug_pubtypes</name>
         <load_address>0xc52</load_address>
         <run_address>0xc52</run_address>
         <size>0x35</size>
         <input_file_ref idref="fl-c5"/>
      </object_component>
      <object_component id="oc-15b">
         <name>.debug_pubtypes</name>
         <load_address>0xc87</load_address>
         <run_address>0xc87</run_address>
         <size>0x32</size>
         <input_file_ref idref="fl-c9"/>
      </object_component>
      <object_component id="oc-16f">
         <name>.debug_pubtypes</name>
         <load_address>0xcb9</load_address>
         <run_address>0xcb9</run_address>
         <size>0x30</size>
         <input_file_ref idref="fl-c9"/>
      </object_component>
      <object_component id="oc-160">
         <name>.debug_pubtypes</name>
         <load_address>0xce9</load_address>
         <run_address>0xce9</run_address>
         <size>0x2c</size>
         <input_file_ref idref="fl-c9"/>
      </object_component>
      <object_component id="oc-165">
         <name>.debug_pubtypes</name>
         <load_address>0xd15</load_address>
         <run_address>0xd15</run_address>
         <size>0x50</size>
         <input_file_ref idref="fl-c9"/>
      </object_component>
   </object_component_list>
   <logical_group_list>
      <logical_group id="lg-3" display="no" color="cyan">
         <name>.intvecs</name>
         <load_address>0x0</load_address>
         <run_address>0x0</run_address>
         <size>0xe8</size>
         <contents>
            <object_component_ref idref="oc-26"/>
         </contents>
      </logical_group>
      <logical_group id="lg-4" display="no" color="cyan">
         <name>.text</name>
         <load_address>0xe8</load_address>
         <run_address>0xe8</run_address>
         <size>0x29c</size>
         <contents>
            <object_component_ref idref="oc-37"/>
            <object_component_ref idref="oc-ab"/>
            <object_component_ref idref="oc-17"/>
            <object_component_ref idref="oc-99"/>
            <object_component_ref idref="oc-df"/>
            <object_component_ref idref="oc-55"/>
            <object_component_ref idref="oc-43"/>
            <object_component_ref idref="oc-1d"/>
            <object_component_ref idref="oc-67"/>
            <object_component_ref idref="oc-93"/>
            <object_component_ref idref="oc-d3"/>
            <object_component_ref idref="oc-6d"/>
         </contents>
      </logical_group>
      <logical_group id="lg-5" display="no" color="cyan">
         <name>.const</name>
         <run_address>0x0</run_address>
         <size>0x0</size>
         <contents>
         </contents>
      </logical_group>
      <logical_group id="lg-6" display="no" color="cyan">
         <name>.cinit</name>
         <load_address>0x388</load_address>
         <run_address>0x388</run_address>
         <size>0x30</size>
         <contents>
            <object_component_ref idref="oc-1a9"/>
            <object_component_ref idref="oc-1ac"/>
            <object_component_ref idref="oc-1ab"/>
            <object_component_ref idref="oc-1aa"/>
         </contents>
      </logical_group>
      <logical_group id="lg-7" display="no" color="cyan">
         <name>.pinit</name>
         <run_address>0x0</run_address>
         <size>0x0</size>
         <contents>
         </contents>
      </logical_group>
      <logical_group id="lg-8" display="no" color="cyan">
         <name>.init_array</name>
         <run_address>0x0</run_address>
         <size>0x0</size>
         <contents>
         </contents>
      </logical_group>
      <logical_group id="lg-9" display="no" color="cyan">
         <name>.binit</name>
         <load_address>0x0</load_address>
         <run_address>0x0</run_address>
         <size>0x0</size>
         <contents>
            <object_component_ref idref="oc-17d"/>
         </contents>
      </logical_group>
      <logical_group id="lg-a" display="no" color="cyan">
         <name>.flashMailbox</name>
         <run_address>0x0</run_address>
         <size>0x0</size>
         <contents>
         </contents>
      </logical_group>
      <logical_group id="lg-b" display="no" color="cyan">
         <name>.tlvTable</name>
         <run_address>0x0</run_address>
         <size>0x0</size>
         <contents>
         </contents>
      </logical_group>
      <logical_group id="lg-c" display="no" color="cyan">
         <name>.bslArea</name>
         <run_address>0x0</run_address>
         <size>0x0</size>
         <contents>
         </contents>
      </logical_group>
      <logical_group id="lg-d" display="no" color="cyan">
         <name>.vtable</name>
         <run_address>0x0</run_address>
         <size>0x0</size>
         <contents>
         </contents>
      </logical_group>
      <logical_group id="lg-e" display="no" color="cyan">
         <name>.data</name>
         <run_address>0x20000003</run_address>
         <size>0x2</size>
         <contents>
            <object_component_ref idref="oc-cd"/>
         </contents>
      </logical_group>
      <logical_group id="lg-f" display="no" color="cyan">
         <name>.bss</name>
         <run_address>0x20000000</run_address>
         <size>0x3</size>
         <contents>
            <object_component_ref idref="oc-ca"/>
            <object_component_ref idref="oc-d0"/>
            <object_component_ref idref="oc-d1"/>
         </contents>
      </logical_group>
      <logical_group id="lg-10" display="no" color="cyan">
         <name>.sysmem</name>
         <run_address>0x0</run_address>
         <size>0x0</size>
         <contents>
         </contents>
      </logical_group>
      <logical_group id="lg-11" display="no" color="cyan">
         <name>.stack</name>
         <run_address>0x2003fe00</run_address>
         <size>0x200</size>
         <contents>
            <object_component_ref idref="oc-29"/>
            <object_component_ref idref="oc-1ae"/>
         </contents>
      </logical_group>
      <logical_group id="lg-12" display="no" color="cyan">
         <name>.TI.ramfunc</name>
         <run_address>0x0</run_address>
         <size>0x0</size>
         <contents>
         </contents>
      </logical_group>
      <logical_group id="lg-17a" display="no" color="cyan">
         <name>.TI.noinit</name>
         <run_address>0x0</run_address>
         <size>0x0</size>
         <contents>
         </contents>
      </logical_group>
      <logical_group id="lg-17b" display="no" color="cyan">
         <name>.TI.persistent</name>
         <run_address>0x0</run_address>
         <size>0x0</size>
         <contents>
         </contents>
      </logical_group>
      <logical_group id="lg-17c" display="no" color="cyan">
         <name>__llvm_prf_cnts</name>
         <run_address>0x20000000</run_address>
         <size>0x0</size>
         <contents>
         </contents>
      </logical_group>
      <logical_group id="lg-191" display="never" color="cyan">
         <name>.debug_info</name>
         <load_address>0x0</load_address>
         <run_address>0x0</run_address>
         <size>0x8047</size>
         <contents>
            <object_component_ref idref="oc-cb"/>
            <object_component_ref idref="oc-ce"/>
            <object_component_ref idref="oc-9a"/>
            <object_component_ref idref="oc-119"/>
            <object_component_ref idref="oc-b5"/>
            <object_component_ref idref="oc-11e"/>
            <object_component_ref idref="oc-32"/>
            <object_component_ref idref="oc-112"/>
            <object_component_ref idref="oc-123"/>
            <object_component_ref idref="oc-ac"/>
            <object_component_ref idref="oc-75"/>
            <object_component_ref idref="oc-27"/>
            <object_component_ref idref="oc-68"/>
            <object_component_ref idref="oc-6e"/>
            <object_component_ref idref="oc-8c"/>
            <object_component_ref idref="oc-47"/>
            <object_component_ref idref="oc-87"/>
            <object_component_ref idref="oc-c1"/>
            <object_component_ref idref="oc-42"/>
            <object_component_ref idref="oc-1e"/>
            <object_component_ref idref="oc-3d"/>
            <object_component_ref idref="oc-7f"/>
            <object_component_ref idref="oc-7d"/>
            <object_component_ref idref="oc-18"/>
            <object_component_ref idref="oc-2d"/>
            <object_component_ref idref="oc-ba"/>
            <object_component_ref idref="oc-78"/>
            <object_component_ref idref="oc-2a"/>
            <object_component_ref idref="oc-57"/>
            <object_component_ref idref="oc-38"/>
            <object_component_ref idref="oc-135"/>
            <object_component_ref idref="oc-e0"/>
            <object_component_ref idref="oc-15a"/>
            <object_component_ref idref="oc-16e"/>
            <object_component_ref idref="oc-15f"/>
            <object_component_ref idref="oc-164"/>
            <object_component_ref idref="oc-94"/>
            <object_component_ref idref="oc-d4"/>
            <object_component_ref idref="oc-1af"/>
         </contents>
      </logical_group>
      <logical_group id="lg-193" display="never" color="cyan">
         <name>.debug_line</name>
         <load_address>0x0</load_address>
         <run_address>0x0</run_address>
         <size>0xea1</size>
         <contents>
            <object_component_ref idref="oc-118"/>
            <object_component_ref idref="oc-129"/>
            <object_component_ref idref="oc-9d"/>
            <object_component_ref idref="oc-11c"/>
            <object_component_ref idref="oc-b8"/>
            <object_component_ref idref="oc-121"/>
            <object_component_ref idref="oc-35"/>
            <object_component_ref idref="oc-115"/>
            <object_component_ref idref="oc-126"/>
            <object_component_ref idref="oc-af"/>
            <object_component_ref idref="oc-b4"/>
            <object_component_ref idref="oc-74"/>
            <object_component_ref idref="oc-6b"/>
            <object_component_ref idref="oc-71"/>
            <object_component_ref idref="oc-c7"/>
            <object_component_ref idref="oc-44"/>
            <object_component_ref idref="oc-8a"/>
            <object_component_ref idref="oc-c4"/>
            <object_component_ref idref="oc-85"/>
            <object_component_ref idref="oc-21"/>
            <object_component_ref idref="oc-40"/>
            <object_component_ref idref="oc-82"/>
            <object_component_ref idref="oc-c0"/>
            <object_component_ref idref="oc-1b"/>
            <object_component_ref idref="oc-30"/>
            <object_component_ref idref="oc-bd"/>
            <object_component_ref idref="oc-7b"/>
            <object_component_ref idref="oc-77"/>
            <object_component_ref idref="oc-5a"/>
            <object_component_ref idref="oc-3b"/>
            <object_component_ref idref="oc-159"/>
            <object_component_ref idref="oc-e3"/>
            <object_component_ref idref="oc-15d"/>
            <object_component_ref idref="oc-171"/>
            <object_component_ref idref="oc-162"/>
            <object_component_ref idref="oc-167"/>
            <object_component_ref idref="oc-97"/>
            <object_component_ref idref="oc-d7"/>
         </contents>
      </logical_group>
      <logical_group id="lg-195" display="never" color="cyan">
         <name>.debug_frame</name>
         <load_address>0x0</load_address>
         <run_address>0x0</run_address>
         <size>0x3b0</size>
         <contents>
            <object_component_ref idref="oc-9e"/>
            <object_component_ref idref="oc-b0"/>
            <object_component_ref idref="oc-6c"/>
            <object_component_ref idref="oc-72"/>
            <object_component_ref idref="oc-45"/>
            <object_component_ref idref="oc-22"/>
            <object_component_ref idref="oc-1c"/>
            <object_component_ref idref="oc-56"/>
            <object_component_ref idref="oc-e4"/>
            <object_component_ref idref="oc-98"/>
            <object_component_ref idref="oc-d8"/>
         </contents>
      </logical_group>
      <logical_group id="lg-197" display="never" color="cyan">
         <name>.debug_abbrev</name>
         <load_address>0x0</load_address>
         <run_address>0x0</run_address>
         <size>0xb70</size>
         <contents>
            <object_component_ref idref="oc-117"/>
            <object_component_ref idref="oc-128"/>
            <object_component_ref idref="oc-d2"/>
            <object_component_ref idref="oc-11b"/>
            <object_component_ref idref="oc-b7"/>
            <object_component_ref idref="oc-120"/>
            <object_component_ref idref="oc-34"/>
            <object_component_ref idref="oc-114"/>
            <object_component_ref idref="oc-125"/>
            <object_component_ref idref="oc-111"/>
            <object_component_ref idref="oc-b3"/>
            <object_component_ref idref="oc-73"/>
            <object_component_ref idref="oc-b1"/>
            <object_component_ref idref="oc-b2"/>
            <object_component_ref idref="oc-c6"/>
            <object_component_ref idref="oc-86"/>
            <object_component_ref idref="oc-89"/>
            <object_component_ref idref="oc-c3"/>
            <object_component_ref idref="oc-84"/>
            <object_component_ref idref="oc-3c"/>
            <object_component_ref idref="oc-3f"/>
            <object_component_ref idref="oc-81"/>
            <object_component_ref idref="oc-bf"/>
            <object_component_ref idref="oc-2c"/>
            <object_component_ref idref="oc-2f"/>
            <object_component_ref idref="oc-bc"/>
            <object_component_ref idref="oc-7a"/>
            <object_component_ref idref="oc-76"/>
            <object_component_ref idref="oc-a2"/>
            <object_component_ref idref="oc-7e"/>
            <object_component_ref idref="oc-158"/>
            <object_component_ref idref="oc-134"/>
            <object_component_ref idref="oc-15c"/>
            <object_component_ref idref="oc-170"/>
            <object_component_ref idref="oc-161"/>
            <object_component_ref idref="oc-166"/>
            <object_component_ref idref="oc-c9"/>
            <object_component_ref idref="oc-12a"/>
            <object_component_ref idref="oc-1b0"/>
         </contents>
      </logical_group>
      <logical_group id="lg-199" display="never" color="cyan">
         <name>.debug_str</name>
         <load_address>0x0</load_address>
         <run_address>0x0</run_address>
         <size>0x32b9</size>
         <contents>
            <object_component_ref idref="oc-11d"/>
            <object_component_ref idref="oc-b9"/>
            <object_component_ref idref="oc-122"/>
            <object_component_ref idref="oc-36"/>
            <object_component_ref idref="oc-116"/>
            <object_component_ref idref="oc-127"/>
            <object_component_ref idref="oc-8b"/>
            <object_component_ref idref="oc-c5"/>
            <object_component_ref idref="oc-41"/>
            <object_component_ref idref="oc-83"/>
            <object_component_ref idref="oc-31"/>
            <object_component_ref idref="oc-be"/>
            <object_component_ref idref="oc-7c"/>
            <object_component_ref idref="oc-15e"/>
            <object_component_ref idref="oc-172"/>
            <object_component_ref idref="oc-163"/>
            <object_component_ref idref="oc-168"/>
         </contents>
      </logical_group>
      <logical_group id="lg-19b" display="never" color="cyan">
         <name>.debug_aranges</name>
         <load_address>0x0</load_address>
         <run_address>0x0</run_address>
         <size>0x180</size>
         <contents>
            <object_component_ref idref="oc-9b"/>
            <object_component_ref idref="oc-ad"/>
            <object_component_ref idref="oc-69"/>
            <object_component_ref idref="oc-6f"/>
            <object_component_ref idref="oc-46"/>
            <object_component_ref idref="oc-1f"/>
            <object_component_ref idref="oc-19"/>
            <object_component_ref idref="oc-58"/>
            <object_component_ref idref="oc-39"/>
            <object_component_ref idref="oc-e1"/>
            <object_component_ref idref="oc-95"/>
            <object_component_ref idref="oc-d5"/>
         </contents>
      </logical_group>
      <logical_group id="lg-19d" display="never" color="cyan">
         <name>.debug_pubnames</name>
         <load_address>0x0</load_address>
         <run_address>0x0</run_address>
         <size>0x25b</size>
         <contents>
            <object_component_ref idref="oc-cc"/>
            <object_component_ref idref="oc-cf"/>
            <object_component_ref idref="oc-9c"/>
            <object_component_ref idref="oc-ae"/>
            <object_component_ref idref="oc-28"/>
            <object_component_ref idref="oc-6a"/>
            <object_component_ref idref="oc-70"/>
            <object_component_ref idref="oc-48"/>
            <object_component_ref idref="oc-20"/>
            <object_component_ref idref="oc-1a"/>
            <object_component_ref idref="oc-2b"/>
            <object_component_ref idref="oc-59"/>
            <object_component_ref idref="oc-3a"/>
            <object_component_ref idref="oc-e2"/>
            <object_component_ref idref="oc-96"/>
            <object_component_ref idref="oc-d6"/>
         </contents>
      </logical_group>
      <logical_group id="lg-19f" display="never" color="cyan">
         <name>.debug_pubtypes</name>
         <load_address>0x0</load_address>
         <run_address>0x0</run_address>
         <size>0xd65</size>
         <contents>
            <object_component_ref idref="oc-11a"/>
            <object_component_ref idref="oc-b6"/>
            <object_component_ref idref="oc-11f"/>
            <object_component_ref idref="oc-33"/>
            <object_component_ref idref="oc-113"/>
            <object_component_ref idref="oc-124"/>
            <object_component_ref idref="oc-88"/>
            <object_component_ref idref="oc-c2"/>
            <object_component_ref idref="oc-3e"/>
            <object_component_ref idref="oc-80"/>
            <object_component_ref idref="oc-2e"/>
            <object_component_ref idref="oc-bb"/>
            <object_component_ref idref="oc-79"/>
            <object_component_ref idref="oc-15b"/>
            <object_component_ref idref="oc-16f"/>
            <object_component_ref idref="oc-160"/>
            <object_component_ref idref="oc-165"/>
         </contents>
      </logical_group>
      <logical_group id="lg-1ad" display="no" color="cyan">
         <name>Veneer$$CMSE</name>
         <run_address>0x0</run_address>
         <size>0x0</size>
         <contents>
         </contents>
      </logical_group>
      <load_segment id="lg-1b3" display="no" color="cyan">
         <name>SEGMENT_0</name>
         <load_address>0x0</load_address>
         <run_address>0x0</run_address>
         <size>0x3b8</size>
         <flags>0x5</flags>
         <contents>
            <logical_group_ref idref="lg-3"/>
            <logical_group_ref idref="lg-4"/>
            <logical_group_ref idref="lg-6"/>
         </contents>
      </load_segment>
      <load_segment id="lg-1b4" display="no" color="cyan">
         <name>SEGMENT_1</name>
         <run_address>0x20000000</run_address>
         <size>0x5</size>
         <flags>0x6</flags>
         <contents>
            <logical_group_ref idref="lg-f"/>
            <logical_group_ref idref="lg-e"/>
         </contents>
      </load_segment>
      <load_segment id="lg-1b5" display="no" color="cyan">
         <name>SEGMENT_2</name>
         <run_address>0x2003fe00</run_address>
         <size>0x200</size>
         <flags>0x6</flags>
         <contents>
            <logical_group_ref idref="lg-11"/>
         </contents>
      </load_segment>
   </logical_group_list>
   <placement_map>
      <memory_area display="yes" color="green">
         <name>MAIN</name>
         <page_id>0x0</page_id>
         <origin>0x0</origin>
         <length>0x200000</length>
         <used_space>0x3b4</used_space>
         <unused_space>0x1ffc4c</unused_space>
         <attributes>RX</attributes>
         <usage_details>
            <allocated_space>
               <start_address>0x0</start_address>
               <size>0x0</size>
               <logical_group_ref idref="lg-9"/>
            </allocated_space>
            <allocated_space>
               <start_address>0x0</start_address>
               <size>0xe8</size>
               <logical_group_ref idref="lg-3"/>
            </allocated_space>
            <allocated_space>
               <start_address>0xe8</start_address>
               <size>0x29c</size>
               <logical_group_ref idref="lg-4"/>
            </allocated_space>
            <available_space>
               <start_address>0x384</start_address>
               <size>0x4</size>
            </available_space>
            <allocated_space>
               <start_address>0x388</start_address>
               <size>0x30</size>
               <logical_group_ref idref="lg-6"/>
            </allocated_space>
            <available_space>
               <start_address>0x3b8</start_address>
               <size>0x1ffc48</size>
            </available_space>
         </usage_details>
      </memory_area>
      <memory_area display="yes" color="green">
         <name>INFO</name>
         <page_id>0x0</page_id>
         <origin>0x200000</origin>
         <length>0x8000</length>
         <used_space>0x0</used_space>
         <unused_space>0x8000</unused_space>
         <attributes>RX</attributes>
         <usage_details>
         </usage_details>
      </memory_area>
      <memory_area display="yes" color="green">
         <name>SRAM_CODE</name>
         <page_id>0x0</page_id>
         <origin>0x1000000</origin>
         <length>0x40000</length>
         <used_space>0x205</used_space>
         <unused_space>0x3fdfb</unused_space>
         <attributes>RWX</attributes>
         <usage_details>
            <allocated_space>
               <start_address>0x1000000</start_address>
               <size>0x0</size>
               <logical_group_ref idref="lg-17c"/>
            </allocated_space>
            <allocated_space>
               <start_address>0x1000000</start_address>
               <size>0x3</size>
               <logical_group_ref idref="lg-f"/>
            </allocated_space>
            <allocated_space>
               <start_address>0x1000003</start_address>
               <size>0x2</size>
               <logical_group_ref idref="lg-e"/>
            </allocated_space>
            <available_space>
               <start_address>0x1000005</start_address>
               <size>0x3fdfb</size>
            </available_space>
            <allocated_space>
               <start_address>0x103fe00</start_address>
               <size>0x200</size>
               <logical_group_ref idref="lg-11"/>
            </allocated_space>
         </usage_details>
      </memory_area>
      <memory_area display="yes" color="green">
         <name>SRAM_DATA</name>
         <page_id>0x0</page_id>
         <origin>0x20000000</origin>
         <length>0x40000</length>
         <used_space>0x205</used_space>
         <unused_space>0x3fdfb</unused_space>
         <attributes>RW</attributes>
         <usage_details>
            <allocated_space>
               <start_address>0x20000000</start_address>
               <size>0x0</size>
               <logical_group_ref idref="lg-17c"/>
            </allocated_space>
            <allocated_space>
               <start_address>0x20000000</start_address>
               <size>0x3</size>
               <logical_group_ref idref="lg-f"/>
            </allocated_space>
            <allocated_space>
               <start_address>0x20000003</start_address>
               <size>0x2</size>
               <logical_group_ref idref="lg-e"/>
            </allocated_space>
            <available_space>
               <start_address>0x20000005</start_address>
               <size>0x3fdfb</size>
            </available_space>
            <allocated_space>
               <start_address>0x2003fe00</start_address>
               <size>0x200</size>
               <logical_group_ref idref="lg-11"/>
            </allocated_space>
         </usage_details>
      </memory_area>
   </placement_map>
   <cptbl_list>
      <cptbl>
         <name>__TI_cinit_table</name>
         <cprec>
            <name>.bss</name>
            <load_address>0x398</load_address>
            <load_size>0x8</load_size>
            <run_address>0x20000000</run_address>
            <run_size>0x3</run_size>
            <compression>zero_init</compression>
         </cprec>
         <cprec>
            <name>.data</name>
            <load_address>0x3a0</load_address>
            <load_size>0x6</load_size>
            <run_address>0x20000003</run_address>
            <run_size>0x2</run_size>
            <compression>lzss</compression>
         </cprec>
      </cptbl>
   </cptbl_list>
   <handler_table>
      <handler_table_name>__TI_handler_table</handler_table_name>
      <handler>
         <index>0x0</index>
         <name>__TI_decompress_lzss</name>
      </handler>
      <handler>
         <index>0x1</index>
         <name>__TI_decompress_none</name>
      </handler>
      <handler>
         <index>0x2</index>
         <name>__TI_zero_init</name>
      </handler>
   </handler_table>
   <symbol_table>
      <symbol id="sm-1">
         <name>WDTCTL_SYM</name>
         <value>0x4000480c</value>
      </symbol>
      <symbol id="sm-2">
         <name>__start___llvm_prf_cnts</name>
         <value>0x20000000</value>
      </symbol>
      <symbol id="sm-3">
         <name>__stop___llvm_prf_cnts</name>
         <value>0x20000000</value>
      </symbol>
      <symbol id="sm-4">
         <name>__TI_CINIT_Base</name>
         <value>0x3a8</value>
      </symbol>
      <symbol id="sm-5">
         <name>__TI_CINIT_Limit</name>
         <value>0x3b8</value>
      </symbol>
      <symbol id="sm-6">
         <name>__TI_Handler_Table_Base</name>
         <value>0x388</value>
      </symbol>
      <symbol id="sm-7">
         <name>__TI_Handler_Table_Limit</name>
         <value>0x394</value>
      </symbol>
      <symbol id="sm-8">
         <name>binit</name>
         <value>0xffffffff</value>
      </symbol>
      <symbol id="sm-9">
         <name>__binit__</name>
         <value>0xffffffff</value>
      </symbol>
      <symbol id="sm-a">
         <name>__STACK_SIZE</name>
         <value>0x200</value>
      </symbol>
      <symbol id="sm-b">
         <name>__STACK_END</name>
         <value>0x20040000</value>
      </symbol>
      <symbol id="sm-c">
         <name>__c_args__</name>
         <value>0xffffffff</value>
      </symbol>
      <symbol id="sm-d">
         <name>__TI_pprof_out_hndl</name>
         <value>0xffffffff</value>
      </symbol>
      <symbol id="sm-e">
         <name>__TI_prof_data_start</name>
         <value>0xffffffff</value>
      </symbol>
      <symbol id="sm-f">
         <name>__TI_prof_data_size</name>
         <value>0xffffffff</value>
      </symbol>
      <symbol id="sm-66">
         <name>num3</name>
         <value>0x20000000</value>
      </symbol>
      <symbol id="sm-67">
         <name>num4</name>
         <value>0x20000001</value>
      </symbol>
      <symbol id="sm-68">
         <name>num5</name>
         <value>0x20000002</value>
      </symbol>
      <symbol id="sm-69">
         <name>main</name>
         <value>0x281</value>
         <object_component_ref idref="oc-99"/>
      </symbol>
      <symbol id="sm-6a">
         <name>num2</name>
         <value>0x20000004</value>
         <object_component_ref idref="oc-cd"/>
      </symbol>
      <symbol id="sm-6b">
         <name>num1</name>
         <value>0x20000003</value>
         <object_component_ref idref="oc-cd"/>
      </symbol>
      <symbol id="sm-84">
         <name>SystemInit</name>
         <value>0x185</value>
         <object_component_ref idref="oc-ab"/>
      </symbol>
      <symbol id="sm-a0">
         <name>Reset_Handler</name>
         <value>0x36f</value>
         <object_component_ref idref="oc-67"/>
      </symbol>
      <symbol id="sm-a1">
         <name>Default_Handler</name>
         <value>0x383</value>
         <object_component_ref idref="oc-6d"/>
      </symbol>
      <symbol id="sm-a2">
         <name>interruptVectors</name>
         <value>0x0</value>
         <object_component_ref idref="oc-26"/>
      </symbol>
      <symbol id="sm-bb">
         <name>__TI_zero_init_nomemset</name>
         <value>0x345</value>
         <object_component_ref idref="oc-43"/>
      </symbol>
      <symbol id="sm-d2">
         <name>__TI_decompress_none</name>
         <value>0x361</value>
         <object_component_ref idref="oc-1d"/>
      </symbol>
      <symbol id="sm-f5">
         <name>__TI_decompress_lzss</name>
         <value>0x219</value>
         <object_component_ref idref="oc-17"/>
      </symbol>
      <symbol id="sm-108">
         <name>__stack</name>
         <value>0x2003fe00</value>
         <object_component_ref idref="oc-29"/>
      </symbol>
      <symbol id="sm-109">
         <name>_c_int00_noargs</name>
         <value>0x311</value>
         <object_component_ref idref="oc-55"/>
      </symbol>
      <symbol id="sm-124">
         <name>memcpy</name>
         <value>0xe9</value>
         <object_component_ref idref="oc-37"/>
      </symbol>
      <symbol id="sm-125">
         <name>__aeabi_memcpy</name>
         <value>0xe9</value>
         <object_component_ref idref="oc-37"/>
      </symbol>
      <symbol id="sm-126">
         <name>__aeabi_memcpy8</name>
         <value>0xe9</value>
         <object_component_ref idref="oc-37"/>
      </symbol>
      <symbol id="sm-127">
         <name>__aeabi_memcpy4</name>
         <value>0xe9</value>
         <object_component_ref idref="oc-37"/>
      </symbol>
      <symbol id="sm-150">
         <name>__TI_auto_init_nobinit_nopinit</name>
         <value>0x2cd</value>
         <object_component_ref idref="oc-df"/>
      </symbol>
      <symbol id="sm-15a">
         <name>_system_pre_init</name>
         <value>0x37b</value>
         <object_component_ref idref="oc-93"/>
      </symbol>
      <symbol id="sm-166">
         <name>C$$EXIT</name>
         <value>0x37f</value>
         <object_component_ref idref="oc-d3"/>
      </symbol>
      <symbol id="sm-167">
         <name>abort</name>
         <value>0x37f</value>
         <object_component_ref idref="oc-d3"/>
      </symbol>
      <symbol id="sm-16a">
         <name>__TI_static_base__</name>
         <value>0x0</value>
      </symbol>
      <symbol id="sm-16d">
         <name>__mpu_init</name>
         <value>0x0</value>
      </symbol>
      <symbol id="sm-16e">
         <name>_system_post_cinit</name>
         <value>0x0</value>
      </symbol>
      <symbol id="sm-16f">
         <name>NMI_Handler</name>
         <value>0x383</value>
      </symbol>
      <symbol id="sm-170">
         <name>HardFault_Handler</name>
         <value>0x383</value>
      </symbol>
      <symbol id="sm-171">
         <name>MemManage_Handler</name>
         <value>0x383</value>
      </symbol>
      <symbol id="sm-172">
         <name>BusFault_Handler</name>
         <value>0x383</value>
      </symbol>
      <symbol id="sm-173">
         <name>UsageFault_Handler</name>
         <value>0x383</value>
      </symbol>
      <symbol id="sm-174">
         <name>SVC_Handler</name>
         <value>0x383</value>
      </symbol>
      <symbol id="sm-175">
         <name>DebugMon_Handler</name>
         <value>0x383</value>
      </symbol>
      <symbol id="sm-176">
         <name>PendSV_Handler</name>
         <value>0x383</value>
      </symbol>
      <symbol id="sm-177">
         <name>SysTick_Handler</name>
         <value>0x383</value>
      </symbol>
      <symbol id="sm-178">
         <name>PSS_IRQHandler</name>
         <value>0x383</value>
      </symbol>
      <symbol id="sm-179">
         <name>CS_IRQHandler</name>
         <value>0x383</value>
      </symbol>
      <symbol id="sm-17a">
         <name>PCM_IRQHandler</name>
         <value>0x383</value>
      </symbol>
      <symbol id="sm-17b">
         <name>WDT_A_IRQHandler</name>
         <value>0x383</value>
      </symbol>
      <symbol id="sm-17c">
         <name>FPU_IRQHandler</name>
         <value>0x383</value>
      </symbol>
      <symbol id="sm-17d">
         <name>FLCTL_A_IRQHandler</name>
         <value>0x383</value>
      </symbol>
      <symbol id="sm-17e">
         <name>COMP_E0_IRQHandler</name>
         <value>0x383</value>
      </symbol>
      <symbol id="sm-17f">
         <name>COMP_E1_IRQHandler</name>
         <value>0x383</value>
      </symbol>
      <symbol id="sm-180">
         <name>TA0_0_IRQHandler</name>
         <value>0x383</value>
      </symbol>
      <symbol id="sm-181">
         <name>TA0_N_IRQHandler</name>
         <value>0x383</value>
      </symbol>
      <symbol id="sm-182">
         <name>TA1_0_IRQHandler</name>
         <value>0x383</value>
      </symbol>
      <symbol id="sm-183">
         <name>TA1_N_IRQHandler</name>
         <value>0x383</value>
      </symbol>
      <symbol id="sm-184">
         <name>TA2_0_IRQHandler</name>
         <value>0x383</value>
      </symbol>
      <symbol id="sm-185">
         <name>TA2_N_IRQHandler</name>
         <value>0x383</value>
      </symbol>
      <symbol id="sm-186">
         <name>TA3_0_IRQHandler</name>
         <value>0x383</value>
      </symbol>
      <symbol id="sm-187">
         <name>TA3_N_IRQHandler</name>
         <value>0x383</value>
      </symbol>
      <symbol id="sm-188">
         <name>EUSCIA0_IRQHandler</name>
         <value>0x383</value>
      </symbol>
      <symbol id="sm-189">
         <name>EUSCIA1_IRQHandler</name>
         <value>0x383</value>
      </symbol>
      <symbol id="sm-18a">
         <name>EUSCIA2_IRQHandler</name>
         <value>0x383</value>
      </symbol>
      <symbol id="sm-18b">
         <name>EUSCIA3_IRQHandler</name>
         <value>0x383</value>
      </symbol>
      <symbol id="sm-18c">
         <name>EUSCIB0_IRQHandler</name>
         <value>0x383</value>
      </symbol>
      <symbol id="sm-18d">
         <name>EUSCIB1_IRQHandler</name>
         <value>0x383</value>
      </symbol>
      <symbol id="sm-18e">
         <name>EUSCIB2_IRQHandler</name>
         <value>0x383</value>
      </symbol>
      <symbol id="sm-18f">
         <name>EUSCIB3_IRQHandler</name>
         <value>0x383</value>
      </symbol>
      <symbol id="sm-190">
         <name>ADC14_IRQHandler</name>
         <value>0x383</value>
      </symbol>
      <symbol id="sm-191">
         <name>T32_INT1_IRQHandler</name>
         <value>0x383</value>
      </symbol>
      <symbol id="sm-192">
         <name>T32_INT2_IRQHandler</name>
         <value>0x383</value>
      </symbol>
      <symbol id="sm-193">
         <name>T32_INTC_IRQHandler</name>
         <value>0x383</value>
      </symbol>
      <symbol id="sm-194">
         <name>AES256_IRQHandler</name>
         <value>0x383</value>
      </symbol>
      <symbol id="sm-195">
         <name>RTC_C_IRQHandler</name>
         <value>0x383</value>
      </symbol>
      <symbol id="sm-196">
         <name>DMA_ERR_IRQHandler</name>
         <value>0x383</value>
      </symbol>
      <symbol id="sm-197">
         <name>DMA_INT3_IRQHandler</name>
         <value>0x383</value>
      </symbol>
      <symbol id="sm-198">
         <name>DMA_INT2_IRQHandler</name>
         <value>0x383</value>
      </symbol>
      <symbol id="sm-199">
         <name>DMA_INT1_IRQHandler</name>
         <value>0x383</value>
      </symbol>
      <symbol id="sm-19a">
         <name>DMA_INT0_IRQHandler</name>
         <value>0x383</value>
      </symbol>
      <symbol id="sm-19b">
         <name>PORT1_IRQHandler</name>
         <value>0x383</value>
      </symbol>
      <symbol id="sm-19c">
         <name>PORT2_IRQHandler</name>
         <value>0x383</value>
      </symbol>
      <symbol id="sm-19d">
         <name>PORT3_IRQHandler</name>
         <value>0x383</value>
      </symbol>
      <symbol id="sm-19e">
         <name>PORT4_IRQHandler</name>
         <value>0x383</value>
      </symbol>
      <symbol id="sm-19f">
         <name>PORT5_IRQHandler</name>
         <value>0x383</value>
      </symbol>
      <symbol id="sm-1a0">
         <name>PORT6_IRQHandler</name>
         <value>0x383</value>
      </symbol>
      <symbol id="sm-1a1">
         <name>LCD_F_IRQHandler</name>
         <value>0x383</value>
      </symbol>
   </symbol_table>
   <title>Link successful</title>
</link_info>
