<?xml version="1.0" encoding="ISO-8859-1" ?>
<link_info>
   <banner>TI ARM Linker Unix v20.2.7.LTS</banner>
   <copyright>Copyright (c) 1996-2018 Texas Instruments Incorporated</copyright>
   <link_time>0x64135efc</link_time>
   <link_errors>0x0</link_errors>
   <output_file>hw4_3.out</output_file>
   <entry_point>
      <name>_c_int00_noargs</name>
      <address>0x361</address>
   </entry_point>
   <input_file_list>
      <input_file id="fl-1">
         <path>./</path>
         <kind>object</kind>
         <file>main.obj</file>
         <name>main.obj</name>
      </input_file>
      <input_file id="fl-2">
         <path>./</path>
         <kind>object</kind>
         <file>system_msp432p4111.obj</file>
         <name>system_msp432p4111.obj</name>
      </input_file>
      <input_file id="fl-3">
         <path>./ccs/</path>
         <kind>object</kind>
         <file>startup_msp432p4111_ccs.obj</file>
         <name>startup_msp432p4111_ccs.obj</name>
      </input_file>
      <input_file id="fl-d">
         <kind>object</kind>
         <file>&lt;internal&gt;</file>
         <name>&lt;internal&gt;</name>
      </input_file>
      <input_file id="fl-c3">
         <path>/Applications/ti/ccs1220/ccs/tools/compiler/ti-cgt-arm_20.2.7.LTS/lib/</path>
         <kind>archive</kind>
         <file>rtsv7M4_T_le_v4SPD16_eabi.lib</file>
         <name>copy_zero_init.c.obj</name>
      </input_file>
      <input_file id="fl-c4">
         <path>/Applications/ti/ccs1220/ccs/tools/compiler/ti-cgt-arm_20.2.7.LTS/lib/</path>
         <kind>archive</kind>
         <file>rtsv7M4_T_le_v4SPD16_eabi.lib</file>
         <name>copy_decompress_none.c.obj</name>
      </input_file>
      <input_file id="fl-c5">
         <path>/Applications/ti/ccs1220/ccs/tools/compiler/ti-cgt-arm_20.2.7.LTS/lib/</path>
         <kind>archive</kind>
         <file>rtsv7M4_T_le_v4SPD16_eabi.lib</file>
         <name>copy_decompress_lzss.c.obj</name>
      </input_file>
      <input_file id="fl-c6">
         <path>/Applications/ti/ccs1220/ccs/tools/compiler/ti-cgt-arm_20.2.7.LTS/lib/</path>
         <kind>archive</kind>
         <file>rtsv7M4_T_le_v4SPD16_eabi.lib</file>
         <name>boot_cortex_m.c.obj</name>
      </input_file>
      <input_file id="fl-c7">
         <path>/Applications/ti/ccs1220/ccs/tools/compiler/ti-cgt-arm_20.2.7.LTS/lib/</path>
         <kind>archive</kind>
         <file>rtsv7M4_T_le_v4SPD16_eabi.lib</file>
         <name>memcpy_t2.asm.obj</name>
      </input_file>
      <input_file id="fl-c8">
         <path>/Applications/ti/ccs1220/ccs/tools/compiler/ti-cgt-arm_20.2.7.LTS/lib/</path>
         <kind>archive</kind>
         <file>rtsv7M4_T_le_v4SPD16_eabi.lib</file>
         <name>memset_t2.asm.obj</name>
      </input_file>
      <input_file id="fl-c9">
         <path>/Applications/ti/ccs1220/ccs/tools/compiler/ti-cgt-arm_20.2.7.LTS/lib/</path>
         <kind>archive</kind>
         <file>rtsv7M4_T_le_v4SPD16_eabi.lib</file>
         <name>autoinit.c.obj</name>
      </input_file>
      <input_file id="fl-ca">
         <path>/Applications/ti/ccs1220/ccs/tools/compiler/ti-cgt-arm_20.2.7.LTS/lib/</path>
         <kind>archive</kind>
         <file>rtsv7M4_T_le_v4SPD16_eabi.lib</file>
         <name>pre_init.c.obj</name>
      </input_file>
      <input_file id="fl-cb">
         <path>/Applications/ti/ccs1220/ccs/tools/compiler/ti-cgt-arm_20.2.7.LTS/lib/</path>
         <kind>archive</kind>
         <file>rtsv7M4_T_le_v4SPD16_eabi.lib</file>
         <name>cpy_tbl.c.obj</name>
      </input_file>
      <input_file id="fl-cc">
         <path>/Applications/ti/ccs1220/ccs/tools/compiler/ti-cgt-arm_20.2.7.LTS/lib/</path>
         <kind>archive</kind>
         <file>rtsv7M4_T_le_v4SPD16_eabi.lib</file>
         <name>exit.c.obj</name>
      </input_file>
      <input_file id="fl-cd">
         <path>/Applications/ti/ccs1220/ccs/tools/compiler/ti-cgt-arm_20.2.7.LTS/lib/</path>
         <kind>archive</kind>
         <file>rtsv7M4_T_le_v4SPD16_eabi.lib</file>
         <name>_lock.c.obj</name>
      </input_file>
      <input_file id="fl-ce">
         <path>/Applications/ti/ccs1220/ccs/tools/compiler/ti-cgt-arm_20.2.7.LTS/lib/</path>
         <kind>archive</kind>
         <file>rtsv7M4_T_le_v4SPD16_eabi.lib</file>
         <name>args_main.c.obj</name>
      </input_file>
   </input_file_list>
   <object_component_list>
      <object_component id="oc-26">
         <name>.intvecs:retain</name>
         <load_address>0x0</load_address>
         <run_address>0x0</run_address>
         <size>0xe8</size>
         <input_file_ref idref="fl-3"/>
      </object_component>
      <object_component id="oc-37">
         <name>.text</name>
         <load_address>0xe8</load_address>
         <run_address>0xe8</run_address>
         <size>0x9c</size>
         <input_file_ref idref="fl-c7"/>
      </object_component>
      <object_component id="oc-b1">
         <name>.text:SystemInit</name>
         <load_address>0x184</load_address>
         <run_address>0x184</run_address>
         <size>0x94</size>
         <input_file_ref idref="fl-2"/>
      </object_component>
      <object_component id="oc-17">
         <name>.text:decompress:lzss:__TI_decompress_lzss</name>
         <load_address>0x218</load_address>
         <run_address>0x218</run_address>
         <size>0x68</size>
         <input_file_ref idref="fl-c5"/>
      </object_component>
      <object_component id="oc-d4">
         <name>.text:SysTick_delay_ms</name>
         <load_address>0x280</load_address>
         <run_address>0x280</run_address>
         <size>0x58</size>
         <input_file_ref idref="fl-1"/>
      </object_component>
      <object_component id="oc-ec">
         <name>.text:__TI_auto_init_nobinit_nopinit:__TI_auto_init_nobinit_nopinit</name>
         <load_address>0x2d8</load_address>
         <run_address>0x2d8</run_address>
         <size>0x44</size>
         <input_file_ref idref="fl-c9"/>
      </object_component>
      <object_component id="oc-9f">
         <name>.text:main</name>
         <load_address>0x31c</load_address>
         <run_address>0x31c</run_address>
         <size>0x44</size>
         <input_file_ref idref="fl-1"/>
      </object_component>
      <object_component id="oc-55">
         <name>.text:_c_int00_noargs:_c_int00_noargs</name>
         <load_address>0x360</load_address>
         <run_address>0x360</run_address>
         <size>0x34</size>
         <input_file_ref idref="fl-c6"/>
      </object_component>
      <object_component id="oc-73">
         <name>.text:SysTick_Handler</name>
         <load_address>0x394</load_address>
         <run_address>0x394</run_address>
         <size>0x10</size>
         <input_file_ref idref="fl-1"/>
      </object_component>
      <object_component id="oc-1d">
         <name>.text:decompress:none:__TI_decompress_none</name>
         <load_address>0x3a4</load_address>
         <run_address>0x3a4</run_address>
         <size>0xe</size>
         <input_file_ref idref="fl-c4"/>
      </object_component>
      <object_component id="oc-67">
         <name>.text:Reset_Handler</name>
         <load_address>0x3b2</load_address>
         <run_address>0x3b2</run_address>
         <size>0xc</size>
         <input_file_ref idref="fl-3"/>
      </object_component>
      <object_component id="oc-99">
         <name>.text:_system_pre_init</name>
         <load_address>0x3be</load_address>
         <run_address>0x3be</run_address>
         <size>0x4</size>
         <input_file_ref idref="fl-ca"/>
      </object_component>
      <object_component id="oc-e0">
         <name>.text:abort:abort</name>
         <load_address>0x3c2</load_address>
         <run_address>0x3c2</run_address>
         <size>0x4</size>
         <input_file_ref idref="fl-cc"/>
      </object_component>
      <object_component id="oc-6d">
         <name>.text:Default_Handler</name>
         <load_address>0x3c6</load_address>
         <run_address>0x3c6</run_address>
         <size>0x2</size>
         <input_file_ref idref="fl-3"/>
      </object_component>
      <object_component id="oc-1b8">
         <name>__TI_handler_table</name>
         <load_address>0x3c8</load_address>
         <run_address>0x3c8</run_address>
         <size>0x8</size>
      </object_component>
      <object_component id="oc-1ba">
         <name>.cinit..data.load</name>
         <load_address>0x3d0</load_address>
         <run_address>0x3d0</run_address>
         <size>0x7</size>
      </object_component>
      <object_component id="oc-1b9">
         <name>__TI_cinit_table</name>
         <load_address>0x3d8</load_address>
         <run_address>0x3d8</run_address>
         <size>0x8</size>
      </object_component>
      <object_component id="oc-18c">
         <name>.binit</name>
         <load_address>0x0</load_address>
         <run_address>0x0</run_address>
         <size>0x0</size>
      </object_component>
      <object_component id="oc-b9">
         <name>.data</name>
         <load_address>0x20000000</load_address>
         <run_address>0x20000000</run_address>
         <size>0x4</size>
         <input_file_ref idref="fl-1"/>
      </object_component>
      <object_component id="oc-29">
         <name>.stack</name>
         <uninitialized>true</uninitialized>
         <run_address>0x2003fe00</run_address>
         <size>0x4</size>
         <input_file_ref idref="fl-c6"/>
      </object_component>
      <object_component id="oc-1bc">
         <name>.stack</name>
         <uninitialized>true</uninitialized>
         <run_address>0x2003fe00</run_address>
         <size>0x0</size>
      </object_component>
      <object_component id="oc-121">
         <name>.debug_info</name>
         <load_address>0x0</load_address>
         <run_address>0x0</run_address>
         <size>0x569</size>
         <input_file_ref idref="fl-1"/>
      </object_component>
      <object_component id="oc-ba">
         <name>.debug_info</name>
         <load_address>0x569</load_address>
         <run_address>0x569</run_address>
         <size>0xc8</size>
         <input_file_ref idref="fl-1"/>
      </object_component>
      <object_component id="oc-a0">
         <name>.debug_info</name>
         <load_address>0x631</load_address>
         <run_address>0x631</run_address>
         <size>0x122</size>
         <input_file_ref idref="fl-1"/>
      </object_component>
      <object_component id="oc-d5">
         <name>.debug_info</name>
         <load_address>0x753</load_address>
         <run_address>0x753</run_address>
         <size>0x153</size>
         <input_file_ref idref="fl-1"/>
      </object_component>
      <object_component id="oc-74">
         <name>.debug_info</name>
         <load_address>0x8a6</load_address>
         <run_address>0x8a6</run_address>
         <size>0x107</size>
         <input_file_ref idref="fl-1"/>
      </object_component>
      <object_component id="oc-bf">
         <name>.debug_info</name>
         <load_address>0x9ad</load_address>
         <run_address>0x9ad</run_address>
         <size>0x26b</size>
         <input_file_ref idref="fl-1"/>
      </object_component>
      <object_component id="oc-154">
         <name>.debug_info</name>
         <load_address>0xc18</load_address>
         <run_address>0xc18</run_address>
         <size>0x1028</size>
         <input_file_ref idref="fl-1"/>
      </object_component>
      <object_component id="oc-14f">
         <name>.debug_info</name>
         <load_address>0x1c40</load_address>
         <run_address>0x1c40</run_address>
         <size>0x3c27</size>
         <input_file_ref idref="fl-1"/>
      </object_component>
      <object_component id="oc-db">
         <name>.debug_info</name>
         <load_address>0x5867</load_address>
         <run_address>0x5867</run_address>
         <size>0x8b</size>
         <input_file_ref idref="fl-1"/>
      </object_component>
      <object_component id="oc-122">
         <name>.debug_info</name>
         <load_address>0x58f2</load_address>
         <run_address>0x58f2</run_address>
         <size>0x2a4</size>
         <input_file_ref idref="fl-1"/>
      </object_component>
      <object_component id="oc-128">
         <name>.debug_info</name>
         <load_address>0x5b96</load_address>
         <run_address>0x5b96</run_address>
         <size>0xbb</size>
         <input_file_ref idref="fl-1"/>
      </object_component>
      <object_component id="oc-b2">
         <name>.debug_info</name>
         <load_address>0x5c51</load_address>
         <run_address>0x5c51</run_address>
         <size>0x12a</size>
         <input_file_ref idref="fl-2"/>
      </object_component>
      <object_component id="oc-32">
         <name>.debug_info</name>
         <load_address>0x5d7b</load_address>
         <run_address>0x5d7b</run_address>
         <size>0x84</size>
         <input_file_ref idref="fl-2"/>
      </object_component>
      <object_component id="oc-7b">
         <name>.debug_info</name>
         <load_address>0x5dff</load_address>
         <run_address>0x5dff</run_address>
         <size>0x2ca</size>
         <input_file_ref idref="fl-3"/>
      </object_component>
      <object_component id="oc-27">
         <name>.debug_info</name>
         <load_address>0x60c9</load_address>
         <run_address>0x60c9</run_address>
         <size>0xf6</size>
         <input_file_ref idref="fl-3"/>
      </object_component>
      <object_component id="oc-68">
         <name>.debug_info</name>
         <load_address>0x61bf</load_address>
         <run_address>0x61bf</run_address>
         <size>0x159</size>
         <input_file_ref idref="fl-3"/>
      </object_component>
      <object_component id="oc-6e">
         <name>.debug_info</name>
         <load_address>0x6318</load_address>
         <run_address>0x6318</run_address>
         <size>0x141</size>
         <input_file_ref idref="fl-3"/>
      </object_component>
      <object_component id="oc-42">
         <name>.debug_info</name>
         <load_address>0x6459</load_address>
         <run_address>0x6459</run_address>
         <size>0x2a8</size>
         <input_file_ref idref="fl-c4"/>
      </object_component>
      <object_component id="oc-1e">
         <name>.debug_info</name>
         <load_address>0x6701</load_address>
         <run_address>0x6701</run_address>
         <size>0x1ea</size>
         <input_file_ref idref="fl-c4"/>
      </object_component>
      <object_component id="oc-3d">
         <name>.debug_info</name>
         <load_address>0x68eb</load_address>
         <run_address>0x68eb</run_address>
         <size>0x46</size>
         <input_file_ref idref="fl-c4"/>
      </object_component>
      <object_component id="oc-85">
         <name>.debug_info</name>
         <load_address>0x6931</load_address>
         <run_address>0x6931</run_address>
         <size>0x2c</size>
         <input_file_ref idref="fl-c4"/>
      </object_component>
      <object_component id="oc-83">
         <name>.debug_info</name>
         <load_address>0x695d</load_address>
         <run_address>0x695d</run_address>
         <size>0x29e</size>
         <input_file_ref idref="fl-c5"/>
      </object_component>
      <object_component id="oc-18">
         <name>.debug_info</name>
         <load_address>0x6bfb</load_address>
         <run_address>0x6bfb</run_address>
         <size>0x250</size>
         <input_file_ref idref="fl-c5"/>
      </object_component>
      <object_component id="oc-2d">
         <name>.debug_info</name>
         <load_address>0x6e4b</load_address>
         <run_address>0x6e4b</run_address>
         <size>0x60</size>
         <input_file_ref idref="fl-c5"/>
      </object_component>
      <object_component id="oc-c4">
         <name>.debug_info</name>
         <load_address>0x6eab</load_address>
         <run_address>0x6eab</run_address>
         <size>0x46</size>
         <input_file_ref idref="fl-c5"/>
      </object_component>
      <object_component id="oc-7e">
         <name>.debug_info</name>
         <load_address>0x6ef1</load_address>
         <run_address>0x6ef1</run_address>
         <size>0x39</size>
         <input_file_ref idref="fl-c5"/>
      </object_component>
      <object_component id="oc-2a">
         <name>.debug_info</name>
         <load_address>0x6f2a</load_address>
         <run_address>0x6f2a</run_address>
         <size>0x10b</size>
         <input_file_ref idref="fl-c6"/>
      </object_component>
      <object_component id="oc-57">
         <name>.debug_info</name>
         <load_address>0x7035</load_address>
         <run_address>0x7035</run_address>
         <size>0x1a9</size>
         <input_file_ref idref="fl-c6"/>
      </object_component>
      <object_component id="oc-38">
         <name>.debug_info</name>
         <load_address>0x71de</load_address>
         <run_address>0x71de</run_address>
         <size>0x119</size>
         <input_file_ref idref="fl-c7"/>
      </object_component>
      <object_component id="oc-138">
         <name>.debug_info</name>
         <load_address>0x72f7</load_address>
         <run_address>0x72f7</run_address>
         <size>0x4b3</size>
         <input_file_ref idref="fl-c9"/>
      </object_component>
      <object_component id="oc-ed">
         <name>.debug_info</name>
         <load_address>0x77aa</load_address>
         <run_address>0x77aa</run_address>
         <size>0x1a6</size>
         <input_file_ref idref="fl-c9"/>
      </object_component>
      <object_component id="oc-169">
         <name>.debug_info</name>
         <load_address>0x7950</load_address>
         <run_address>0x7950</run_address>
         <size>0x39</size>
         <input_file_ref idref="fl-c9"/>
      </object_component>
      <object_component id="oc-17d">
         <name>.debug_info</name>
         <load_address>0x7989</load_address>
         <run_address>0x7989</run_address>
         <size>0x39</size>
         <input_file_ref idref="fl-c9"/>
      </object_component>
      <object_component id="oc-16e">
         <name>.debug_info</name>
         <load_address>0x79c2</load_address>
         <run_address>0x79c2</run_address>
         <size>0x39</size>
         <input_file_ref idref="fl-c9"/>
      </object_component>
      <object_component id="oc-173">
         <name>.debug_info</name>
         <load_address>0x79fb</load_address>
         <run_address>0x79fb</run_address>
         <size>0xcd</size>
         <input_file_ref idref="fl-c9"/>
      </object_component>
      <object_component id="oc-9a">
         <name>.debug_info</name>
         <load_address>0x7ac8</load_address>
         <run_address>0x7ac8</run_address>
         <size>0x153</size>
         <input_file_ref idref="fl-ca"/>
      </object_component>
      <object_component id="oc-e1">
         <name>.debug_info</name>
         <load_address>0x7c1b</load_address>
         <run_address>0x7c1b</run_address>
         <size>0x122</size>
         <input_file_ref idref="fl-cc"/>
      </object_component>
      <object_component id="oc-1bd">
         <name>.debug_info</name>
         <load_address>0x7d3d</load_address>
         <run_address>0x7d3d</run_address>
         <size>0x9e</size>
      </object_component>
      <object_component id="oc-14e">
         <name>.debug_line</name>
         <load_address>0x0</load_address>
         <run_address>0x0</run_address>
         <size>0x20</size>
         <input_file_ref idref="fl-1"/>
      </object_component>
      <object_component id="oc-120">
         <name>.debug_line</name>
         <load_address>0x20</load_address>
         <run_address>0x20</run_address>
         <size>0x2d</size>
         <input_file_ref idref="fl-1"/>
      </object_component>
      <object_component id="oc-a3">
         <name>.debug_line</name>
         <load_address>0x4d</load_address>
         <run_address>0x4d</run_address>
         <size>0x4f</size>
         <input_file_ref idref="fl-1"/>
      </object_component>
      <object_component id="oc-d8">
         <name>.debug_line</name>
         <load_address>0x9c</load_address>
         <run_address>0x9c</run_address>
         <size>0x4e</size>
         <input_file_ref idref="fl-1"/>
      </object_component>
      <object_component id="oc-77">
         <name>.debug_line</name>
         <load_address>0xea</load_address>
         <run_address>0xea</run_address>
         <size>0x45</size>
         <input_file_ref idref="fl-1"/>
      </object_component>
      <object_component id="oc-c2">
         <name>.debug_line</name>
         <load_address>0x12f</load_address>
         <run_address>0x12f</run_address>
         <size>0x7a</size>
         <input_file_ref idref="fl-1"/>
      </object_component>
      <object_component id="oc-157">
         <name>.debug_line</name>
         <load_address>0x1a9</load_address>
         <run_address>0x1a9</run_address>
         <size>0x83</size>
         <input_file_ref idref="fl-1"/>
      </object_component>
      <object_component id="oc-152">
         <name>.debug_line</name>
         <load_address>0x22c</load_address>
         <run_address>0x22c</run_address>
         <size>0x86</size>
         <input_file_ref idref="fl-1"/>
      </object_component>
      <object_component id="oc-de">
         <name>.debug_line</name>
         <load_address>0x2b2</load_address>
         <run_address>0x2b2</run_address>
         <size>0x20</size>
         <input_file_ref idref="fl-1"/>
      </object_component>
      <object_component id="oc-125">
         <name>.debug_line</name>
         <load_address>0x2d2</load_address>
         <run_address>0x2d2</run_address>
         <size>0x7e</size>
         <input_file_ref idref="fl-1"/>
      </object_component>
      <object_component id="oc-12b">
         <name>.debug_line</name>
         <load_address>0x350</load_address>
         <run_address>0x350</run_address>
         <size>0x7b</size>
         <input_file_ref idref="fl-1"/>
      </object_component>
      <object_component id="oc-b5">
         <name>.debug_line</name>
         <load_address>0x3cb</load_address>
         <run_address>0x3cb</run_address>
         <size>0x72</size>
         <input_file_ref idref="fl-2"/>
      </object_component>
      <object_component id="oc-35">
         <name>.debug_line</name>
         <load_address>0x43d</load_address>
         <run_address>0x43d</run_address>
         <size>0x20</size>
         <input_file_ref idref="fl-2"/>
      </object_component>
      <object_component id="oc-be">
         <name>.debug_line</name>
         <load_address>0x45d</load_address>
         <run_address>0x45d</run_address>
         <size>0x44</size>
         <input_file_ref idref="fl-3"/>
      </object_component>
      <object_component id="oc-7a">
         <name>.debug_line</name>
         <load_address>0x4a1</load_address>
         <run_address>0x4a1</run_address>
         <size>0x44</size>
         <input_file_ref idref="fl-3"/>
      </object_component>
      <object_component id="oc-6b">
         <name>.debug_line</name>
         <load_address>0x4e5</load_address>
         <run_address>0x4e5</run_address>
         <size>0x5d</size>
         <input_file_ref idref="fl-3"/>
      </object_component>
      <object_component id="oc-71">
         <name>.debug_line</name>
         <load_address>0x542</load_address>
         <run_address>0x542</run_address>
         <size>0x59</size>
         <input_file_ref idref="fl-3"/>
      </object_component>
      <object_component id="oc-8b">
         <name>.debug_line</name>
         <load_address>0x59b</load_address>
         <run_address>0x59b</run_address>
         <size>0x20</size>
         <input_file_ref idref="fl-c4"/>
      </object_component>
      <object_component id="oc-21">
         <name>.debug_line</name>
         <load_address>0x5bb</load_address>
         <run_address>0x5bb</run_address>
         <size>0x55</size>
         <input_file_ref idref="fl-c4"/>
      </object_component>
      <object_component id="oc-40">
         <name>.debug_line</name>
         <load_address>0x610</load_address>
         <run_address>0x610</run_address>
         <size>0x3a</size>
         <input_file_ref idref="fl-c4"/>
      </object_component>
      <object_component id="oc-88">
         <name>.debug_line</name>
         <load_address>0x64a</load_address>
         <run_address>0x64a</run_address>
         <size>0x92</size>
         <input_file_ref idref="fl-c4"/>
      </object_component>
      <object_component id="oc-ca">
         <name>.debug_line</name>
         <load_address>0x6dc</load_address>
         <run_address>0x6dc</run_address>
         <size>0x20</size>
         <input_file_ref idref="fl-c5"/>
      </object_component>
      <object_component id="oc-1b">
         <name>.debug_line</name>
         <load_address>0x6fc</load_address>
         <run_address>0x6fc</run_address>
         <size>0xa9</size>
         <input_file_ref idref="fl-c5"/>
      </object_component>
      <object_component id="oc-30">
         <name>.debug_line</name>
         <load_address>0x7a5</load_address>
         <run_address>0x7a5</run_address>
         <size>0x3a</size>
         <input_file_ref idref="fl-c5"/>
      </object_component>
      <object_component id="oc-c7">
         <name>.debug_line</name>
         <load_address>0x7df</load_address>
         <run_address>0x7df</run_address>
         <size>0x9a</size>
         <input_file_ref idref="fl-c5"/>
      </object_component>
      <object_component id="oc-81">
         <name>.debug_line</name>
         <load_address>0x879</load_address>
         <run_address>0x879</run_address>
         <size>0x96</size>
         <input_file_ref idref="fl-c5"/>
      </object_component>
      <object_component id="oc-7d">
         <name>.debug_line</name>
         <load_address>0x90f</load_address>
         <run_address>0x90f</run_address>
         <size>0x33</size>
         <input_file_ref idref="fl-c6"/>
      </object_component>
      <object_component id="oc-59">
         <name>.debug_line</name>
         <load_address>0x942</load_address>
         <run_address>0x942</run_address>
         <size>0x45</size>
         <input_file_ref idref="fl-c6"/>
      </object_component>
      <object_component id="oc-3b">
         <name>.debug_line</name>
         <load_address>0x987</load_address>
         <run_address>0x987</run_address>
         <size>0x88</size>
         <input_file_ref idref="fl-c7"/>
      </object_component>
      <object_component id="oc-168">
         <name>.debug_line</name>
         <load_address>0xa0f</load_address>
         <run_address>0xa0f</run_address>
         <size>0xbf</size>
         <input_file_ref idref="fl-c9"/>
      </object_component>
      <object_component id="oc-f0">
         <name>.debug_line</name>
         <load_address>0xace</load_address>
         <run_address>0xace</run_address>
         <size>0x6f</size>
         <input_file_ref idref="fl-c9"/>
      </object_component>
      <object_component id="oc-16c">
         <name>.debug_line</name>
         <load_address>0xb3d</load_address>
         <run_address>0xb3d</run_address>
         <size>0x2e</size>
         <input_file_ref idref="fl-c9"/>
      </object_component>
      <object_component id="oc-180">
         <name>.debug_line</name>
         <load_address>0xb6b</load_address>
         <run_address>0xb6b</run_address>
         <size>0x9a</size>
         <input_file_ref idref="fl-c9"/>
      </object_component>
      <object_component id="oc-171">
         <name>.debug_line</name>
         <load_address>0xc05</load_address>
         <run_address>0xc05</run_address>
         <size>0x97</size>
         <input_file_ref idref="fl-c9"/>
      </object_component>
      <object_component id="oc-176">
         <name>.debug_line</name>
         <load_address>0xc9c</load_address>
         <run_address>0xc9c</run_address>
         <size>0x93</size>
         <input_file_ref idref="fl-c9"/>
      </object_component>
      <object_component id="oc-9d">
         <name>.debug_line</name>
         <load_address>0xd2f</load_address>
         <run_address>0xd2f</run_address>
         <size>0x40</size>
         <input_file_ref idref="fl-ca"/>
      </object_component>
      <object_component id="oc-e4">
         <name>.debug_line</name>
         <load_address>0xd6f</load_address>
         <run_address>0xd6f</run_address>
         <size>0x3c</size>
         <input_file_ref idref="fl-cc"/>
      </object_component>
      <object_component id="oc-a4">
         <name>.debug_frame</name>
         <load_address>0x0</load_address>
         <run_address>0x0</run_address>
         <size>0x58</size>
         <input_file_ref idref="fl-1"/>
      </object_component>
      <object_component id="oc-d9">
         <name>.debug_frame</name>
         <load_address>0x58</load_address>
         <run_address>0x58</run_address>
         <size>0x58</size>
         <input_file_ref idref="fl-1"/>
      </object_component>
      <object_component id="oc-78">
         <name>.debug_frame</name>
         <load_address>0xb0</load_address>
         <run_address>0xb0</run_address>
         <size>0x54</size>
         <input_file_ref idref="fl-1"/>
      </object_component>
      <object_component id="oc-b6">
         <name>.debug_frame</name>
         <load_address>0x104</load_address>
         <run_address>0x104</run_address>
         <size>0x54</size>
         <input_file_ref idref="fl-2"/>
      </object_component>
      <object_component id="oc-6c">
         <name>.debug_frame</name>
         <load_address>0x158</load_address>
         <run_address>0x158</run_address>
         <size>0x58</size>
         <input_file_ref idref="fl-3"/>
      </object_component>
      <object_component id="oc-72">
         <name>.debug_frame</name>
         <load_address>0x1b0</load_address>
         <run_address>0x1b0</run_address>
         <size>0x54</size>
         <input_file_ref idref="fl-3"/>
      </object_component>
      <object_component id="oc-22">
         <name>.debug_frame</name>
         <load_address>0x204</load_address>
         <run_address>0x204</run_address>
         <size>0x54</size>
         <input_file_ref idref="fl-c4"/>
      </object_component>
      <object_component id="oc-1c">
         <name>.debug_frame</name>
         <load_address>0x258</load_address>
         <run_address>0x258</run_address>
         <size>0x60</size>
         <input_file_ref idref="fl-c5"/>
      </object_component>
      <object_component id="oc-5a">
         <name>.debug_frame</name>
         <load_address>0x2b8</load_address>
         <run_address>0x2b8</run_address>
         <size>0x50</size>
         <input_file_ref idref="fl-c6"/>
      </object_component>
      <object_component id="oc-f1">
         <name>.debug_frame</name>
         <load_address>0x308</load_address>
         <run_address>0x308</run_address>
         <size>0x5c</size>
         <input_file_ref idref="fl-c9"/>
      </object_component>
      <object_component id="oc-9e">
         <name>.debug_frame</name>
         <load_address>0x364</load_address>
         <run_address>0x364</run_address>
         <size>0x54</size>
         <input_file_ref idref="fl-ca"/>
      </object_component>
      <object_component id="oc-e5">
         <name>.debug_frame</name>
         <load_address>0x3b8</load_address>
         <run_address>0x3b8</run_address>
         <size>0x54</size>
         <input_file_ref idref="fl-cc"/>
      </object_component>
      <object_component id="oc-14d">
         <name>.debug_abbrev</name>
         <load_address>0x0</load_address>
         <run_address>0x0</run_address>
         <size>0x7a</size>
         <input_file_ref idref="fl-1"/>
      </object_component>
      <object_component id="oc-11f">
         <name>.debug_abbrev</name>
         <load_address>0x7a</load_address>
         <run_address>0x7a</run_address>
         <size>0x27</size>
         <input_file_ref idref="fl-1"/>
      </object_component>
      <object_component id="oc-da">
         <name>.debug_abbrev</name>
         <load_address>0xa1</load_address>
         <run_address>0xa1</run_address>
         <size>0x63</size>
         <input_file_ref idref="fl-1"/>
      </object_component>
      <object_component id="oc-127">
         <name>.debug_abbrev</name>
         <load_address>0x104</load_address>
         <run_address>0x104</run_address>
         <size>0x7b</size>
         <input_file_ref idref="fl-1"/>
      </object_component>
      <object_component id="oc-bc">
         <name>.debug_abbrev</name>
         <load_address>0x17f</load_address>
         <run_address>0x17f</run_address>
         <size>0x50</size>
         <input_file_ref idref="fl-1"/>
      </object_component>
      <object_component id="oc-c1">
         <name>.debug_abbrev</name>
         <load_address>0x1cf</load_address>
         <run_address>0x1cf</run_address>
         <size>0x69</size>
         <input_file_ref idref="fl-1"/>
      </object_component>
      <object_component id="oc-156">
         <name>.debug_abbrev</name>
         <load_address>0x238</load_address>
         <run_address>0x238</run_address>
         <size>0x97</size>
         <input_file_ref idref="fl-1"/>
      </object_component>
      <object_component id="oc-151">
         <name>.debug_abbrev</name>
         <load_address>0x2cf</load_address>
         <run_address>0x2cf</run_address>
         <size>0xbd</size>
         <input_file_ref idref="fl-1"/>
      </object_component>
      <object_component id="oc-dd">
         <name>.debug_abbrev</name>
         <load_address>0x38c</load_address>
         <run_address>0x38c</run_address>
         <size>0x1f</size>
         <input_file_ref idref="fl-1"/>
      </object_component>
      <object_component id="oc-124">
         <name>.debug_abbrev</name>
         <load_address>0x3ab</load_address>
         <run_address>0x3ab</run_address>
         <size>0x5c</size>
         <input_file_ref idref="fl-1"/>
      </object_component>
      <object_component id="oc-12a">
         <name>.debug_abbrev</name>
         <load_address>0x407</load_address>
         <run_address>0x407</run_address>
         <size>0x24</size>
         <input_file_ref idref="fl-1"/>
      </object_component>
      <object_component id="oc-11e">
         <name>.debug_abbrev</name>
         <load_address>0x42b</load_address>
         <run_address>0x42b</run_address>
         <size>0x50</size>
         <input_file_ref idref="fl-2"/>
      </object_component>
      <object_component id="oc-34">
         <name>.debug_abbrev</name>
         <load_address>0x47b</load_address>
         <run_address>0x47b</run_address>
         <size>0x1f</size>
         <input_file_ref idref="fl-2"/>
      </object_component>
      <object_component id="oc-bd">
         <name>.debug_abbrev</name>
         <load_address>0x49a</load_address>
         <run_address>0x49a</run_address>
         <size>0x7c</size>
         <input_file_ref idref="fl-3"/>
      </object_component>
      <object_component id="oc-79">
         <name>.debug_abbrev</name>
         <load_address>0x516</load_address>
         <run_address>0x516</run_address>
         <size>0x29</size>
         <input_file_ref idref="fl-3"/>
      </object_component>
      <object_component id="oc-b7">
         <name>.debug_abbrev</name>
         <load_address>0x53f</load_address>
         <run_address>0x53f</run_address>
         <size>0x5e</size>
         <input_file_ref idref="fl-3"/>
      </object_component>
      <object_component id="oc-b8">
         <name>.debug_abbrev</name>
         <load_address>0x59d</load_address>
         <run_address>0x59d</run_address>
         <size>0x42</size>
         <input_file_ref idref="fl-3"/>
      </object_component>
      <object_component id="oc-8a">
         <name>.debug_abbrev</name>
         <load_address>0x5df</load_address>
         <run_address>0x5df</run_address>
         <size>0x37</size>
         <input_file_ref idref="fl-c4"/>
      </object_component>
      <object_component id="oc-3c">
         <name>.debug_abbrev</name>
         <load_address>0x616</load_address>
         <run_address>0x616</run_address>
         <size>0x74</size>
         <input_file_ref idref="fl-c4"/>
      </object_component>
      <object_component id="oc-3f">
         <name>.debug_abbrev</name>
         <load_address>0x68a</load_address>
         <run_address>0x68a</run_address>
         <size>0x24</size>
         <input_file_ref idref="fl-c4"/>
      </object_component>
      <object_component id="oc-87">
         <name>.debug_abbrev</name>
         <load_address>0x6ae</load_address>
         <run_address>0x6ae</run_address>
         <size>0x24</size>
         <input_file_ref idref="fl-c4"/>
      </object_component>
      <object_component id="oc-c9">
         <name>.debug_abbrev</name>
         <load_address>0x6d2</load_address>
         <run_address>0x6d2</run_address>
         <size>0x37</size>
         <input_file_ref idref="fl-c5"/>
      </object_component>
      <object_component id="oc-2c">
         <name>.debug_abbrev</name>
         <load_address>0x709</load_address>
         <run_address>0x709</run_address>
         <size>0x6f</size>
         <input_file_ref idref="fl-c5"/>
      </object_component>
      <object_component id="oc-2f">
         <name>.debug_abbrev</name>
         <load_address>0x778</load_address>
         <run_address>0x778</run_address>
         <size>0x24</size>
         <input_file_ref idref="fl-c5"/>
      </object_component>
      <object_component id="oc-c6">
         <name>.debug_abbrev</name>
         <load_address>0x79c</load_address>
         <run_address>0x79c</run_address>
         <size>0x35</size>
         <input_file_ref idref="fl-c5"/>
      </object_component>
      <object_component id="oc-80">
         <name>.debug_abbrev</name>
         <load_address>0x7d1</load_address>
         <run_address>0x7d1</run_address>
         <size>0x24</size>
         <input_file_ref idref="fl-c5"/>
      </object_component>
      <object_component id="oc-7c">
         <name>.debug_abbrev</name>
         <load_address>0x7f5</load_address>
         <run_address>0x7f5</run_address>
         <size>0x29</size>
         <input_file_ref idref="fl-c6"/>
      </object_component>
      <object_component id="oc-a8">
         <name>.debug_abbrev</name>
         <load_address>0x81e</load_address>
         <run_address>0x81e</run_address>
         <size>0x55</size>
         <input_file_ref idref="fl-c6"/>
      </object_component>
      <object_component id="oc-84">
         <name>.debug_abbrev</name>
         <load_address>0x873</load_address>
         <run_address>0x873</run_address>
         <size>0x3e</size>
         <input_file_ref idref="fl-c7"/>
      </object_component>
      <object_component id="oc-167">
         <name>.debug_abbrev</name>
         <load_address>0x8b1</load_address>
         <run_address>0x8b1</run_address>
         <size>0xc0</size>
         <input_file_ref idref="fl-c9"/>
      </object_component>
      <object_component id="oc-137">
         <name>.debug_abbrev</name>
         <load_address>0x971</load_address>
         <run_address>0x971</run_address>
         <size>0x7e</size>
         <input_file_ref idref="fl-c9"/>
      </object_component>
      <object_component id="oc-16b">
         <name>.debug_abbrev</name>
         <load_address>0x9ef</load_address>
         <run_address>0x9ef</run_address>
         <size>0x24</size>
         <input_file_ref idref="fl-c9"/>
      </object_component>
      <object_component id="oc-17f">
         <name>.debug_abbrev</name>
         <load_address>0xa13</load_address>
         <run_address>0xa13</run_address>
         <size>0x24</size>
         <input_file_ref idref="fl-c9"/>
      </object_component>
      <object_component id="oc-170">
         <name>.debug_abbrev</name>
         <load_address>0xa37</load_address>
         <run_address>0xa37</run_address>
         <size>0x24</size>
         <input_file_ref idref="fl-c9"/>
      </object_component>
      <object_component id="oc-175">
         <name>.debug_abbrev</name>
         <load_address>0xa5b</load_address>
         <run_address>0xa5b</run_address>
         <size>0x4b</size>
         <input_file_ref idref="fl-c9"/>
      </object_component>
      <object_component id="oc-d3">
         <name>.debug_abbrev</name>
         <load_address>0xaa6</load_address>
         <run_address>0xaa6</run_address>
         <size>0x55</size>
         <input_file_ref idref="fl-ca"/>
      </object_component>
      <object_component id="oc-12d">
         <name>.debug_abbrev</name>
         <load_address>0xafb</load_address>
         <run_address>0xafb</run_address>
         <size>0x45</size>
         <input_file_ref idref="fl-cc"/>
      </object_component>
      <object_component id="oc-1be">
         <name>.debug_abbrev</name>
         <load_address>0xb40</load_address>
         <run_address>0xb40</run_address>
         <size>0xf</size>
      </object_component>
      <object_component id="oc-c3">
         <name>.debug_str</name>
         <load_address>0x0</load_address>
         <run_address>0x0</run_address>
         <size>0x2ba</size>
         <input_file_ref idref="fl-1"/>
      </object_component>
      <object_component id="oc-158">
         <name>.debug_str</name>
         <load_address>0x2ba</load_address>
         <run_address>0x2ba</run_address>
         <size>0x49c</size>
         <input_file_ref idref="fl-1"/>
      </object_component>
      <object_component id="oc-153">
         <name>.debug_str</name>
         <load_address>0x756</load_address>
         <run_address>0x756</run_address>
         <size>0x1822</size>
         <input_file_ref idref="fl-1"/>
      </object_component>
      <object_component id="oc-df">
         <name>.debug_str</name>
         <load_address>0x1f78</load_address>
         <run_address>0x1f78</run_address>
         <size>0xff</size>
         <input_file_ref idref="fl-1"/>
      </object_component>
      <object_component id="oc-126">
         <name>.debug_str</name>
         <load_address>0x2077</load_address>
         <run_address>0x2077</run_address>
         <size>0x350</size>
         <input_file_ref idref="fl-1"/>
      </object_component>
      <object_component id="oc-12c">
         <name>.debug_str</name>
         <load_address>0x23c7</load_address>
         <run_address>0x23c7</run_address>
         <size>0x152</size>
         <input_file_ref idref="fl-1"/>
      </object_component>
      <object_component id="oc-36">
         <name>.debug_str</name>
         <load_address>0x2519</load_address>
         <run_address>0x2519</run_address>
         <size>0xff</size>
         <input_file_ref idref="fl-2"/>
      </object_component>
      <object_component id="oc-41">
         <name>.debug_str</name>
         <load_address>0x2618</load_address>
         <run_address>0x2618</run_address>
         <size>0x10b</size>
         <input_file_ref idref="fl-c4"/>
      </object_component>
      <object_component id="oc-89">
         <name>.debug_str</name>
         <load_address>0x2723</load_address>
         <run_address>0x2723</run_address>
         <size>0x140</size>
         <input_file_ref idref="fl-c4"/>
      </object_component>
      <object_component id="oc-31">
         <name>.debug_str</name>
         <load_address>0x2863</load_address>
         <run_address>0x2863</run_address>
         <size>0x118</size>
         <input_file_ref idref="fl-c5"/>
      </object_component>
      <object_component id="oc-c8">
         <name>.debug_str</name>
         <load_address>0x297b</load_address>
         <run_address>0x297b</run_address>
         <size>0x16b</size>
         <input_file_ref idref="fl-c5"/>
      </object_component>
      <object_component id="oc-82">
         <name>.debug_str</name>
         <load_address>0x2ae6</load_address>
         <run_address>0x2ae6</run_address>
         <size>0x158</size>
         <input_file_ref idref="fl-c5"/>
      </object_component>
      <object_component id="oc-16d">
         <name>.debug_str</name>
         <load_address>0x2c3e</load_address>
         <run_address>0x2c3e</run_address>
         <size>0xed</size>
         <input_file_ref idref="fl-c9"/>
      </object_component>
      <object_component id="oc-181">
         <name>.debug_str</name>
         <load_address>0x2d2b</load_address>
         <run_address>0x2d2b</run_address>
         <size>0x157</size>
         <input_file_ref idref="fl-c9"/>
      </object_component>
      <object_component id="oc-172">
         <name>.debug_str</name>
         <load_address>0x2e82</load_address>
         <run_address>0x2e82</run_address>
         <size>0x150</size>
         <input_file_ref idref="fl-c9"/>
      </object_component>
      <object_component id="oc-177">
         <name>.debug_str</name>
         <load_address>0x2fd2</load_address>
         <run_address>0x2fd2</run_address>
         <size>0x197</size>
         <input_file_ref idref="fl-c9"/>
      </object_component>
      <object_component id="oc-a1">
         <name>.debug_aranges</name>
         <load_address>0x0</load_address>
         <run_address>0x0</run_address>
         <size>0x20</size>
         <input_file_ref idref="fl-1"/>
      </object_component>
      <object_component id="oc-d6">
         <name>.debug_aranges</name>
         <load_address>0x20</load_address>
         <run_address>0x20</run_address>
         <size>0x20</size>
         <input_file_ref idref="fl-1"/>
      </object_component>
      <object_component id="oc-75">
         <name>.debug_aranges</name>
         <load_address>0x40</load_address>
         <run_address>0x40</run_address>
         <size>0x20</size>
         <input_file_ref idref="fl-1"/>
      </object_component>
      <object_component id="oc-b3">
         <name>.debug_aranges</name>
         <load_address>0x60</load_address>
         <run_address>0x60</run_address>
         <size>0x20</size>
         <input_file_ref idref="fl-2"/>
      </object_component>
      <object_component id="oc-69">
         <name>.debug_aranges</name>
         <load_address>0x80</load_address>
         <run_address>0x80</run_address>
         <size>0x20</size>
         <input_file_ref idref="fl-3"/>
      </object_component>
      <object_component id="oc-6f">
         <name>.debug_aranges</name>
         <load_address>0xa0</load_address>
         <run_address>0xa0</run_address>
         <size>0x20</size>
         <input_file_ref idref="fl-3"/>
      </object_component>
      <object_component id="oc-1f">
         <name>.debug_aranges</name>
         <load_address>0xc0</load_address>
         <run_address>0xc0</run_address>
         <size>0x20</size>
         <input_file_ref idref="fl-c4"/>
      </object_component>
      <object_component id="oc-19">
         <name>.debug_aranges</name>
         <load_address>0xe0</load_address>
         <run_address>0xe0</run_address>
         <size>0x20</size>
         <input_file_ref idref="fl-c5"/>
      </object_component>
      <object_component id="oc-56">
         <name>.debug_aranges</name>
         <load_address>0x100</load_address>
         <run_address>0x100</run_address>
         <size>0x20</size>
         <input_file_ref idref="fl-c6"/>
      </object_component>
      <object_component id="oc-39">
         <name>.debug_aranges</name>
         <load_address>0x120</load_address>
         <run_address>0x120</run_address>
         <size>0x20</size>
         <input_file_ref idref="fl-c7"/>
      </object_component>
      <object_component id="oc-ee">
         <name>.debug_aranges</name>
         <load_address>0x140</load_address>
         <run_address>0x140</run_address>
         <size>0x20</size>
         <input_file_ref idref="fl-c9"/>
      </object_component>
      <object_component id="oc-9b">
         <name>.debug_aranges</name>
         <load_address>0x160</load_address>
         <run_address>0x160</run_address>
         <size>0x20</size>
         <input_file_ref idref="fl-ca"/>
      </object_component>
      <object_component id="oc-e2">
         <name>.debug_aranges</name>
         <load_address>0x180</load_address>
         <run_address>0x180</run_address>
         <size>0x20</size>
         <input_file_ref idref="fl-cc"/>
      </object_component>
      <object_component id="oc-bb">
         <name>.debug_pubnames</name>
         <load_address>0x0</load_address>
         <run_address>0x0</run_address>
         <size>0x1c</size>
         <input_file_ref idref="fl-1"/>
      </object_component>
      <object_component id="oc-a2">
         <name>.debug_pubnames</name>
         <load_address>0x1c</load_address>
         <run_address>0x1c</run_address>
         <size>0x1b</size>
         <input_file_ref idref="fl-1"/>
      </object_component>
      <object_component id="oc-d7">
         <name>.debug_pubnames</name>
         <load_address>0x37</load_address>
         <run_address>0x37</run_address>
         <size>0x27</size>
         <input_file_ref idref="fl-1"/>
      </object_component>
      <object_component id="oc-76">
         <name>.debug_pubnames</name>
         <load_address>0x5e</load_address>
         <run_address>0x5e</run_address>
         <size>0x26</size>
         <input_file_ref idref="fl-1"/>
      </object_component>
      <object_component id="oc-b4">
         <name>.debug_pubnames</name>
         <load_address>0x84</load_address>
         <run_address>0x84</run_address>
         <size>0x21</size>
         <input_file_ref idref="fl-2"/>
      </object_component>
      <object_component id="oc-28">
         <name>.debug_pubnames</name>
         <load_address>0xa5</load_address>
         <run_address>0xa5</run_address>
         <size>0x27</size>
         <input_file_ref idref="fl-3"/>
      </object_component>
      <object_component id="oc-6a">
         <name>.debug_pubnames</name>
         <load_address>0xcc</load_address>
         <run_address>0xcc</run_address>
         <size>0x24</size>
         <input_file_ref idref="fl-3"/>
      </object_component>
      <object_component id="oc-70">
         <name>.debug_pubnames</name>
         <load_address>0xf0</load_address>
         <run_address>0xf0</run_address>
         <size>0x26</size>
         <input_file_ref idref="fl-3"/>
      </object_component>
      <object_component id="oc-20">
         <name>.debug_pubnames</name>
         <load_address>0x116</load_address>
         <run_address>0x116</run_address>
         <size>0x2b</size>
         <input_file_ref idref="fl-c4"/>
      </object_component>
      <object_component id="oc-1a">
         <name>.debug_pubnames</name>
         <load_address>0x141</load_address>
         <run_address>0x141</run_address>
         <size>0x2b</size>
         <input_file_ref idref="fl-c5"/>
      </object_component>
      <object_component id="oc-2b">
         <name>.debug_pubnames</name>
         <load_address>0x16c</load_address>
         <run_address>0x16c</run_address>
         <size>0x1e</size>
         <input_file_ref idref="fl-c6"/>
      </object_component>
      <object_component id="oc-58">
         <name>.debug_pubnames</name>
         <load_address>0x18a</load_address>
         <run_address>0x18a</run_address>
         <size>0x26</size>
         <input_file_ref idref="fl-c6"/>
      </object_component>
      <object_component id="oc-3a">
         <name>.debug_pubnames</name>
         <load_address>0x1b0</load_address>
         <run_address>0x1b0</run_address>
         <size>0x1d</size>
         <input_file_ref idref="fl-c7"/>
      </object_component>
      <object_component id="oc-ef">
         <name>.debug_pubnames</name>
         <load_address>0x1cd</load_address>
         <run_address>0x1cd</run_address>
         <size>0x35</size>
         <input_file_ref idref="fl-c9"/>
      </object_component>
      <object_component id="oc-9c">
         <name>.debug_pubnames</name>
         <load_address>0x202</load_address>
         <run_address>0x202</run_address>
         <size>0x27</size>
         <input_file_ref idref="fl-ca"/>
      </object_component>
      <object_component id="oc-e3">
         <name>.debug_pubnames</name>
         <load_address>0x229</load_address>
         <run_address>0x229</run_address>
         <size>0x1c</size>
         <input_file_ref idref="fl-cc"/>
      </object_component>
      <object_component id="oc-c0">
         <name>.debug_pubtypes</name>
         <load_address>0x0</load_address>
         <run_address>0x0</run_address>
         <size>0x25c</size>
         <input_file_ref idref="fl-1"/>
      </object_component>
      <object_component id="oc-155">
         <name>.debug_pubtypes</name>
         <load_address>0x25c</load_address>
         <run_address>0x25c</run_address>
         <size>0xdd</size>
         <input_file_ref idref="fl-1"/>
      </object_component>
      <object_component id="oc-150">
         <name>.debug_pubtypes</name>
         <load_address>0x339</load_address>
         <run_address>0x339</run_address>
         <size>0x2e3</size>
         <input_file_ref idref="fl-1"/>
      </object_component>
      <object_component id="oc-dc">
         <name>.debug_pubtypes</name>
         <load_address>0x61c</load_address>
         <run_address>0x61c</run_address>
         <size>0xff</size>
         <input_file_ref idref="fl-1"/>
      </object_component>
      <object_component id="oc-123">
         <name>.debug_pubtypes</name>
         <load_address>0x71b</load_address>
         <run_address>0x71b</run_address>
         <size>0x330</size>
         <input_file_ref idref="fl-1"/>
      </object_component>
      <object_component id="oc-129">
         <name>.debug_pubtypes</name>
         <load_address>0xa4b</load_address>
         <run_address>0xa4b</run_address>
         <size>0xaa</size>
         <input_file_ref idref="fl-1"/>
      </object_component>
      <object_component id="oc-33">
         <name>.debug_pubtypes</name>
         <load_address>0xaf5</load_address>
         <run_address>0xaf5</run_address>
         <size>0xed</size>
         <input_file_ref idref="fl-2"/>
      </object_component>
      <object_component id="oc-3e">
         <name>.debug_pubtypes</name>
         <load_address>0xbe2</load_address>
         <run_address>0xbe2</run_address>
         <size>0x48</size>
         <input_file_ref idref="fl-c4"/>
      </object_component>
      <object_component id="oc-86">
         <name>.debug_pubtypes</name>
         <load_address>0xc2a</load_address>
         <run_address>0xc2a</run_address>
         <size>0x1d</size>
         <input_file_ref idref="fl-c4"/>
      </object_component>
      <object_component id="oc-2e">
         <name>.debug_pubtypes</name>
         <load_address>0xc47</load_address>
         <run_address>0xc47</run_address>
         <size>0x5d</size>
         <input_file_ref idref="fl-c5"/>
      </object_component>
      <object_component id="oc-c5">
         <name>.debug_pubtypes</name>
         <load_address>0xca4</load_address>
         <run_address>0xca4</run_address>
         <size>0x48</size>
         <input_file_ref idref="fl-c5"/>
      </object_component>
      <object_component id="oc-7f">
         <name>.debug_pubtypes</name>
         <load_address>0xcec</load_address>
         <run_address>0xcec</run_address>
         <size>0x35</size>
         <input_file_ref idref="fl-c5"/>
      </object_component>
      <object_component id="oc-16a">
         <name>.debug_pubtypes</name>
         <load_address>0xd21</load_address>
         <run_address>0xd21</run_address>
         <size>0x32</size>
         <input_file_ref idref="fl-c9"/>
      </object_component>
      <object_component id="oc-17e">
         <name>.debug_pubtypes</name>
         <load_address>0xd53</load_address>
         <run_address>0xd53</run_address>
         <size>0x30</size>
         <input_file_ref idref="fl-c9"/>
      </object_component>
      <object_component id="oc-16f">
         <name>.debug_pubtypes</name>
         <load_address>0xd83</load_address>
         <run_address>0xd83</run_address>
         <size>0x2c</size>
         <input_file_ref idref="fl-c9"/>
      </object_component>
      <object_component id="oc-174">
         <name>.debug_pubtypes</name>
         <load_address>0xdaf</load_address>
         <run_address>0xdaf</run_address>
         <size>0x50</size>
         <input_file_ref idref="fl-c9"/>
      </object_component>
   </object_component_list>
   <logical_group_list>
      <logical_group id="lg-3" display="no" color="cyan">
         <name>.intvecs</name>
         <load_address>0x0</load_address>
         <run_address>0x0</run_address>
         <size>0xe8</size>
         <contents>
            <object_component_ref idref="oc-26"/>
         </contents>
      </logical_group>
      <logical_group id="lg-4" display="no" color="cyan">
         <name>.text</name>
         <load_address>0xe8</load_address>
         <run_address>0xe8</run_address>
         <size>0x2e0</size>
         <contents>
            <object_component_ref idref="oc-37"/>
            <object_component_ref idref="oc-b1"/>
            <object_component_ref idref="oc-17"/>
            <object_component_ref idref="oc-d4"/>
            <object_component_ref idref="oc-ec"/>
            <object_component_ref idref="oc-9f"/>
            <object_component_ref idref="oc-55"/>
            <object_component_ref idref="oc-73"/>
            <object_component_ref idref="oc-1d"/>
            <object_component_ref idref="oc-67"/>
            <object_component_ref idref="oc-99"/>
            <object_component_ref idref="oc-e0"/>
            <object_component_ref idref="oc-6d"/>
         </contents>
      </logical_group>
      <logical_group id="lg-5" display="no" color="cyan">
         <name>.const</name>
         <run_address>0x0</run_address>
         <size>0x0</size>
         <contents>
         </contents>
      </logical_group>
      <logical_group id="lg-6" display="no" color="cyan">
         <name>.cinit</name>
         <load_address>0x3c8</load_address>
         <run_address>0x3c8</run_address>
         <size>0x18</size>
         <contents>
            <object_component_ref idref="oc-1b8"/>
            <object_component_ref idref="oc-1ba"/>
            <object_component_ref idref="oc-1b9"/>
         </contents>
      </logical_group>
      <logical_group id="lg-7" display="no" color="cyan">
         <name>.pinit</name>
         <run_address>0x0</run_address>
         <size>0x0</size>
         <contents>
         </contents>
      </logical_group>
      <logical_group id="lg-8" display="no" color="cyan">
         <name>.init_array</name>
         <run_address>0x0</run_address>
         <size>0x0</size>
         <contents>
         </contents>
      </logical_group>
      <logical_group id="lg-9" display="no" color="cyan">
         <name>.binit</name>
         <load_address>0x0</load_address>
         <run_address>0x0</run_address>
         <size>0x0</size>
         <contents>
            <object_component_ref idref="oc-18c"/>
         </contents>
      </logical_group>
      <logical_group id="lg-a" display="no" color="cyan">
         <name>.flashMailbox</name>
         <run_address>0x0</run_address>
         <size>0x0</size>
         <contents>
         </contents>
      </logical_group>
      <logical_group id="lg-b" display="no" color="cyan">
         <name>.tlvTable</name>
         <run_address>0x0</run_address>
         <size>0x0</size>
         <contents>
         </contents>
      </logical_group>
      <logical_group id="lg-c" display="no" color="cyan">
         <name>.bslArea</name>
         <run_address>0x0</run_address>
         <size>0x0</size>
         <contents>
         </contents>
      </logical_group>
      <logical_group id="lg-d" display="no" color="cyan">
         <name>.vtable</name>
         <run_address>0x0</run_address>
         <size>0x0</size>
         <contents>
         </contents>
      </logical_group>
      <logical_group id="lg-e" display="no" color="cyan">
         <name>.data</name>
         <run_address>0x20000000</run_address>
         <size>0x4</size>
         <contents>
            <object_component_ref idref="oc-b9"/>
         </contents>
      </logical_group>
      <logical_group id="lg-f" display="no" color="cyan">
         <name>.bss</name>
         <run_address>0x0</run_address>
         <size>0x0</size>
         <contents>
         </contents>
      </logical_group>
      <logical_group id="lg-10" display="no" color="cyan">
         <name>.sysmem</name>
         <run_address>0x0</run_address>
         <size>0x0</size>
         <contents>
         </contents>
      </logical_group>
      <logical_group id="lg-11" display="no" color="cyan">
         <name>.stack</name>
         <run_address>0x2003fe00</run_address>
         <size>0x200</size>
         <contents>
            <object_component_ref idref="oc-29"/>
            <object_component_ref idref="oc-1bc"/>
         </contents>
      </logical_group>
      <logical_group id="lg-12" display="no" color="cyan">
         <name>.TI.ramfunc</name>
         <run_address>0x0</run_address>
         <size>0x0</size>
         <contents>
         </contents>
      </logical_group>
      <logical_group id="lg-189" display="no" color="cyan">
         <name>.TI.noinit</name>
         <run_address>0x0</run_address>
         <size>0x0</size>
         <contents>
         </contents>
      </logical_group>
      <logical_group id="lg-18a" display="no" color="cyan">
         <name>.TI.persistent</name>
         <run_address>0x0</run_address>
         <size>0x0</size>
         <contents>
         </contents>
      </logical_group>
      <logical_group id="lg-18b" display="no" color="cyan">
         <name>__llvm_prf_cnts</name>
         <run_address>0x20000000</run_address>
         <size>0x0</size>
         <contents>
         </contents>
      </logical_group>
      <logical_group id="lg-1a0" display="never" color="cyan">
         <name>.debug_info</name>
         <load_address>0x0</load_address>
         <run_address>0x0</run_address>
         <size>0x7ddb</size>
         <contents>
            <object_component_ref idref="oc-121"/>
            <object_component_ref idref="oc-ba"/>
            <object_component_ref idref="oc-a0"/>
            <object_component_ref idref="oc-d5"/>
            <object_component_ref idref="oc-74"/>
            <object_component_ref idref="oc-bf"/>
            <object_component_ref idref="oc-154"/>
            <object_component_ref idref="oc-14f"/>
            <object_component_ref idref="oc-db"/>
            <object_component_ref idref="oc-122"/>
            <object_component_ref idref="oc-128"/>
            <object_component_ref idref="oc-b2"/>
            <object_component_ref idref="oc-32"/>
            <object_component_ref idref="oc-7b"/>
            <object_component_ref idref="oc-27"/>
            <object_component_ref idref="oc-68"/>
            <object_component_ref idref="oc-6e"/>
            <object_component_ref idref="oc-42"/>
            <object_component_ref idref="oc-1e"/>
            <object_component_ref idref="oc-3d"/>
            <object_component_ref idref="oc-85"/>
            <object_component_ref idref="oc-83"/>
            <object_component_ref idref="oc-18"/>
            <object_component_ref idref="oc-2d"/>
            <object_component_ref idref="oc-c4"/>
            <object_component_ref idref="oc-7e"/>
            <object_component_ref idref="oc-2a"/>
            <object_component_ref idref="oc-57"/>
            <object_component_ref idref="oc-38"/>
            <object_component_ref idref="oc-138"/>
            <object_component_ref idref="oc-ed"/>
            <object_component_ref idref="oc-169"/>
            <object_component_ref idref="oc-17d"/>
            <object_component_ref idref="oc-16e"/>
            <object_component_ref idref="oc-173"/>
            <object_component_ref idref="oc-9a"/>
            <object_component_ref idref="oc-e1"/>
            <object_component_ref idref="oc-1bd"/>
         </contents>
      </logical_group>
      <logical_group id="lg-1a2" display="never" color="cyan">
         <name>.debug_line</name>
         <load_address>0x0</load_address>
         <run_address>0x0</run_address>
         <size>0xdab</size>
         <contents>
            <object_component_ref idref="oc-14e"/>
            <object_component_ref idref="oc-120"/>
            <object_component_ref idref="oc-a3"/>
            <object_component_ref idref="oc-d8"/>
            <object_component_ref idref="oc-77"/>
            <object_component_ref idref="oc-c2"/>
            <object_component_ref idref="oc-157"/>
            <object_component_ref idref="oc-152"/>
            <object_component_ref idref="oc-de"/>
            <object_component_ref idref="oc-125"/>
            <object_component_ref idref="oc-12b"/>
            <object_component_ref idref="oc-b5"/>
            <object_component_ref idref="oc-35"/>
            <object_component_ref idref="oc-be"/>
            <object_component_ref idref="oc-7a"/>
            <object_component_ref idref="oc-6b"/>
            <object_component_ref idref="oc-71"/>
            <object_component_ref idref="oc-8b"/>
            <object_component_ref idref="oc-21"/>
            <object_component_ref idref="oc-40"/>
            <object_component_ref idref="oc-88"/>
            <object_component_ref idref="oc-ca"/>
            <object_component_ref idref="oc-1b"/>
            <object_component_ref idref="oc-30"/>
            <object_component_ref idref="oc-c7"/>
            <object_component_ref idref="oc-81"/>
            <object_component_ref idref="oc-7d"/>
            <object_component_ref idref="oc-59"/>
            <object_component_ref idref="oc-3b"/>
            <object_component_ref idref="oc-168"/>
            <object_component_ref idref="oc-f0"/>
            <object_component_ref idref="oc-16c"/>
            <object_component_ref idref="oc-180"/>
            <object_component_ref idref="oc-171"/>
            <object_component_ref idref="oc-176"/>
            <object_component_ref idref="oc-9d"/>
            <object_component_ref idref="oc-e4"/>
         </contents>
      </logical_group>
      <logical_group id="lg-1a4" display="never" color="cyan">
         <name>.debug_frame</name>
         <load_address>0x0</load_address>
         <run_address>0x0</run_address>
         <size>0x40c</size>
         <contents>
            <object_component_ref idref="oc-a4"/>
            <object_component_ref idref="oc-d9"/>
            <object_component_ref idref="oc-78"/>
            <object_component_ref idref="oc-b6"/>
            <object_component_ref idref="oc-6c"/>
            <object_component_ref idref="oc-72"/>
            <object_component_ref idref="oc-22"/>
            <object_component_ref idref="oc-1c"/>
            <object_component_ref idref="oc-5a"/>
            <object_component_ref idref="oc-f1"/>
            <object_component_ref idref="oc-9e"/>
            <object_component_ref idref="oc-e5"/>
         </contents>
      </logical_group>
      <logical_group id="lg-1a6" display="never" color="cyan">
         <name>.debug_abbrev</name>
         <load_address>0x0</load_address>
         <run_address>0x0</run_address>
         <size>0xb4f</size>
         <contents>
            <object_component_ref idref="oc-14d"/>
            <object_component_ref idref="oc-11f"/>
            <object_component_ref idref="oc-da"/>
            <object_component_ref idref="oc-127"/>
            <object_component_ref idref="oc-bc"/>
            <object_component_ref idref="oc-c1"/>
            <object_component_ref idref="oc-156"/>
            <object_component_ref idref="oc-151"/>
            <object_component_ref idref="oc-dd"/>
            <object_component_ref idref="oc-124"/>
            <object_component_ref idref="oc-12a"/>
            <object_component_ref idref="oc-11e"/>
            <object_component_ref idref="oc-34"/>
            <object_component_ref idref="oc-bd"/>
            <object_component_ref idref="oc-79"/>
            <object_component_ref idref="oc-b7"/>
            <object_component_ref idref="oc-b8"/>
            <object_component_ref idref="oc-8a"/>
            <object_component_ref idref="oc-3c"/>
            <object_component_ref idref="oc-3f"/>
            <object_component_ref idref="oc-87"/>
            <object_component_ref idref="oc-c9"/>
            <object_component_ref idref="oc-2c"/>
            <object_component_ref idref="oc-2f"/>
            <object_component_ref idref="oc-c6"/>
            <object_component_ref idref="oc-80"/>
            <object_component_ref idref="oc-7c"/>
            <object_component_ref idref="oc-a8"/>
            <object_component_ref idref="oc-84"/>
            <object_component_ref idref="oc-167"/>
            <object_component_ref idref="oc-137"/>
            <object_component_ref idref="oc-16b"/>
            <object_component_ref idref="oc-17f"/>
            <object_component_ref idref="oc-170"/>
            <object_component_ref idref="oc-175"/>
            <object_component_ref idref="oc-d3"/>
            <object_component_ref idref="oc-12d"/>
            <object_component_ref idref="oc-1be"/>
         </contents>
      </logical_group>
      <logical_group id="lg-1a8" display="never" color="cyan">
         <name>.debug_str</name>
         <load_address>0x0</load_address>
         <run_address>0x0</run_address>
         <size>0x3169</size>
         <contents>
            <object_component_ref idref="oc-c3"/>
            <object_component_ref idref="oc-158"/>
            <object_component_ref idref="oc-153"/>
            <object_component_ref idref="oc-df"/>
            <object_component_ref idref="oc-126"/>
            <object_component_ref idref="oc-12c"/>
            <object_component_ref idref="oc-36"/>
            <object_component_ref idref="oc-41"/>
            <object_component_ref idref="oc-89"/>
            <object_component_ref idref="oc-31"/>
            <object_component_ref idref="oc-c8"/>
            <object_component_ref idref="oc-82"/>
            <object_component_ref idref="oc-16d"/>
            <object_component_ref idref="oc-181"/>
            <object_component_ref idref="oc-172"/>
            <object_component_ref idref="oc-177"/>
         </contents>
      </logical_group>
      <logical_group id="lg-1aa" display="never" color="cyan">
         <name>.debug_aranges</name>
         <load_address>0x0</load_address>
         <run_address>0x0</run_address>
         <size>0x1a0</size>
         <contents>
            <object_component_ref idref="oc-a1"/>
            <object_component_ref idref="oc-d6"/>
            <object_component_ref idref="oc-75"/>
            <object_component_ref idref="oc-b3"/>
            <object_component_ref idref="oc-69"/>
            <object_component_ref idref="oc-6f"/>
            <object_component_ref idref="oc-1f"/>
            <object_component_ref idref="oc-19"/>
            <object_component_ref idref="oc-56"/>
            <object_component_ref idref="oc-39"/>
            <object_component_ref idref="oc-ee"/>
            <object_component_ref idref="oc-9b"/>
            <object_component_ref idref="oc-e2"/>
         </contents>
      </logical_group>
      <logical_group id="lg-1ac" display="never" color="cyan">
         <name>.debug_pubnames</name>
         <load_address>0x0</load_address>
         <run_address>0x0</run_address>
         <size>0x245</size>
         <contents>
            <object_component_ref idref="oc-bb"/>
            <object_component_ref idref="oc-a2"/>
            <object_component_ref idref="oc-d7"/>
            <object_component_ref idref="oc-76"/>
            <object_component_ref idref="oc-b4"/>
            <object_component_ref idref="oc-28"/>
            <object_component_ref idref="oc-6a"/>
            <object_component_ref idref="oc-70"/>
            <object_component_ref idref="oc-20"/>
            <object_component_ref idref="oc-1a"/>
            <object_component_ref idref="oc-2b"/>
            <object_component_ref idref="oc-58"/>
            <object_component_ref idref="oc-3a"/>
            <object_component_ref idref="oc-ef"/>
            <object_component_ref idref="oc-9c"/>
            <object_component_ref idref="oc-e3"/>
         </contents>
      </logical_group>
      <logical_group id="lg-1ae" display="never" color="cyan">
         <name>.debug_pubtypes</name>
         <load_address>0x0</load_address>
         <run_address>0x0</run_address>
         <size>0xdff</size>
         <contents>
            <object_component_ref idref="oc-c0"/>
            <object_component_ref idref="oc-155"/>
            <object_component_ref idref="oc-150"/>
            <object_component_ref idref="oc-dc"/>
            <object_component_ref idref="oc-123"/>
            <object_component_ref idref="oc-129"/>
            <object_component_ref idref="oc-33"/>
            <object_component_ref idref="oc-3e"/>
            <object_component_ref idref="oc-86"/>
            <object_component_ref idref="oc-2e"/>
            <object_component_ref idref="oc-c5"/>
            <object_component_ref idref="oc-7f"/>
            <object_component_ref idref="oc-16a"/>
            <object_component_ref idref="oc-17e"/>
            <object_component_ref idref="oc-16f"/>
            <object_component_ref idref="oc-174"/>
         </contents>
      </logical_group>
      <logical_group id="lg-1bb" display="no" color="cyan">
         <name>Veneer$$CMSE</name>
         <run_address>0x0</run_address>
         <size>0x0</size>
         <contents>
         </contents>
      </logical_group>
      <load_segment id="lg-1c0" display="no" color="cyan">
         <name>SEGMENT_0</name>
         <load_address>0x0</load_address>
         <run_address>0x0</run_address>
         <size>0x3e0</size>
         <flags>0x5</flags>
         <contents>
            <logical_group_ref idref="lg-3"/>
            <logical_group_ref idref="lg-4"/>
            <logical_group_ref idref="lg-6"/>
         </contents>
      </load_segment>
      <load_segment id="lg-1c1" display="no" color="cyan">
         <name>SEGMENT_1</name>
         <run_address>0x20000000</run_address>
         <size>0x4</size>
         <flags>0x6</flags>
         <contents>
            <logical_group_ref idref="lg-e"/>
         </contents>
      </load_segment>
      <load_segment id="lg-1c2" display="no" color="cyan">
         <name>SEGMENT_2</name>
         <run_address>0x2003fe00</run_address>
         <size>0x200</size>
         <flags>0x6</flags>
         <contents>
            <logical_group_ref idref="lg-11"/>
         </contents>
      </load_segment>
   </logical_group_list>
   <placement_map>
      <memory_area display="yes" color="green">
         <name>MAIN</name>
         <page_id>0x0</page_id>
         <origin>0x0</origin>
         <length>0x200000</length>
         <used_space>0x3e0</used_space>
         <unused_space>0x1ffc20</unused_space>
         <attributes>RX</attributes>
         <usage_details>
            <allocated_space>
               <start_address>0x0</start_address>
               <size>0x0</size>
               <logical_group_ref idref="lg-9"/>
            </allocated_space>
            <allocated_space>
               <start_address>0x0</start_address>
               <size>0xe8</size>
               <logical_group_ref idref="lg-3"/>
            </allocated_space>
            <allocated_space>
               <start_address>0xe8</start_address>
               <size>0x2e0</size>
               <logical_group_ref idref="lg-4"/>
            </allocated_space>
            <allocated_space>
               <start_address>0x3c8</start_address>
               <size>0x18</size>
               <logical_group_ref idref="lg-6"/>
            </allocated_space>
            <available_space>
               <start_address>0x3e0</start_address>
               <size>0x1ffc20</size>
            </available_space>
         </usage_details>
      </memory_area>
      <memory_area display="yes" color="green">
         <name>INFO</name>
         <page_id>0x0</page_id>
         <origin>0x200000</origin>
         <length>0x8000</length>
         <used_space>0x0</used_space>
         <unused_space>0x8000</unused_space>
         <attributes>RX</attributes>
         <usage_details>
         </usage_details>
      </memory_area>
      <memory_area display="yes" color="green">
         <name>SRAM_CODE</name>
         <page_id>0x0</page_id>
         <origin>0x1000000</origin>
         <length>0x40000</length>
         <used_space>0x204</used_space>
         <unused_space>0x3fdfc</unused_space>
         <attributes>RWX</attributes>
         <usage_details>
            <allocated_space>
               <start_address>0x1000000</start_address>
               <size>0x0</size>
               <logical_group_ref idref="lg-18b"/>
            </allocated_space>
            <allocated_space>
               <start_address>0x1000000</start_address>
               <size>0x4</size>
               <logical_group_ref idref="lg-e"/>
            </allocated_space>
            <available_space>
               <start_address>0x1000004</start_address>
               <size>0x3fdfc</size>
            </available_space>
            <allocated_space>
               <start_address>0x103fe00</start_address>
               <size>0x200</size>
               <logical_group_ref idref="lg-11"/>
            </allocated_space>
         </usage_details>
      </memory_area>
      <memory_area display="yes" color="green">
         <name>SRAM_DATA</name>
         <page_id>0x0</page_id>
         <origin>0x20000000</origin>
         <length>0x40000</length>
         <used_space>0x204</used_space>
         <unused_space>0x3fdfc</unused_space>
         <attributes>RW</attributes>
         <usage_details>
            <allocated_space>
               <start_address>0x20000000</start_address>
               <size>0x0</size>
               <logical_group_ref idref="lg-18b"/>
            </allocated_space>
            <allocated_space>
               <start_address>0x20000000</start_address>
               <size>0x4</size>
               <logical_group_ref idref="lg-e"/>
            </allocated_space>
            <available_space>
               <start_address>0x20000004</start_address>
               <size>0x3fdfc</size>
            </available_space>
            <allocated_space>
               <start_address>0x2003fe00</start_address>
               <size>0x200</size>
               <logical_group_ref idref="lg-11"/>
            </allocated_space>
         </usage_details>
      </memory_area>
   </placement_map>
   <cptbl_list>
      <cptbl>
         <name>__TI_cinit_table</name>
         <cprec>
            <name>.data</name>
            <load_address>0x3d0</load_address>
            <load_size>0x7</load_size>
            <run_address>0x20000000</run_address>
            <run_size>0x4</run_size>
            <compression>lzss</compression>
         </cprec>
      </cptbl>
   </cptbl_list>
   <handler_table>
      <handler_table_name>__TI_handler_table</handler_table_name>
      <handler>
         <index>0x0</index>
         <name>__TI_decompress_lzss</name>
      </handler>
      <handler>
         <index>0x1</index>
         <name>__TI_decompress_none</name>
      </handler>
   </handler_table>
   <symbol_table>
      <symbol id="sm-1">
         <name>WDTCTL_SYM</name>
         <value>0x4000480c</value>
      </symbol>
      <symbol id="sm-2">
         <name>__start___llvm_prf_cnts</name>
         <value>0x20000000</value>
      </symbol>
      <symbol id="sm-3">
         <name>__stop___llvm_prf_cnts</name>
         <value>0x20000000</value>
      </symbol>
      <symbol id="sm-4">
         <name>__TI_CINIT_Base</name>
         <value>0x3d8</value>
      </symbol>
      <symbol id="sm-5">
         <name>__TI_CINIT_Limit</name>
         <value>0x3e0</value>
      </symbol>
      <symbol id="sm-6">
         <name>__TI_Handler_Table_Base</name>
         <value>0x3c8</value>
      </symbol>
      <symbol id="sm-7">
         <name>__TI_Handler_Table_Limit</name>
         <value>0x3d0</value>
      </symbol>
      <symbol id="sm-8">
         <name>binit</name>
         <value>0xffffffff</value>
      </symbol>
      <symbol id="sm-9">
         <name>__binit__</name>
         <value>0xffffffff</value>
      </symbol>
      <symbol id="sm-a">
         <name>__STACK_SIZE</name>
         <value>0x200</value>
      </symbol>
      <symbol id="sm-b">
         <name>__STACK_END</name>
         <value>0x20040000</value>
      </symbol>
      <symbol id="sm-c">
         <name>__c_args__</name>
         <value>0xffffffff</value>
      </symbol>
      <symbol id="sm-d">
         <name>__TI_pprof_out_hndl</name>
         <value>0xffffffff</value>
      </symbol>
      <symbol id="sm-e">
         <name>__TI_prof_data_start</name>
         <value>0xffffffff</value>
      </symbol>
      <symbol id="sm-f">
         <name>__TI_prof_data_size</name>
         <value>0xffffffff</value>
      </symbol>
      <symbol id="sm-79">
         <name>SysTick_Handler</name>
         <value>0x395</value>
         <object_component_ref idref="oc-73"/>
      </symbol>
      <symbol id="sm-7a">
         <name>SysTick_delay_ms</name>
         <value>0x281</value>
         <object_component_ref idref="oc-d4"/>
      </symbol>
      <symbol id="sm-7b">
         <name>main</name>
         <value>0x31d</value>
         <object_component_ref idref="oc-9f"/>
      </symbol>
      <symbol id="sm-99">
         <name>SystemInit</name>
         <value>0x185</value>
         <object_component_ref idref="oc-b1"/>
      </symbol>
      <symbol id="sm-b5">
         <name>Reset_Handler</name>
         <value>0x3b3</value>
         <object_component_ref idref="oc-67"/>
      </symbol>
      <symbol id="sm-b6">
         <name>Default_Handler</name>
         <value>0x3c7</value>
         <object_component_ref idref="oc-6d"/>
      </symbol>
      <symbol id="sm-b7">
         <name>interruptVectors</name>
         <value>0x0</value>
         <object_component_ref idref="oc-26"/>
      </symbol>
      <symbol id="sm-cf">
         <name>__TI_decompress_none</name>
         <value>0x3a5</value>
         <object_component_ref idref="oc-1d"/>
      </symbol>
      <symbol id="sm-f2">
         <name>__TI_decompress_lzss</name>
         <value>0x219</value>
         <object_component_ref idref="oc-17"/>
      </symbol>
      <symbol id="sm-105">
         <name>__stack</name>
         <value>0x2003fe00</value>
         <object_component_ref idref="oc-29"/>
      </symbol>
      <symbol id="sm-106">
         <name>_c_int00_noargs</name>
         <value>0x361</value>
         <object_component_ref idref="oc-55"/>
      </symbol>
      <symbol id="sm-121">
         <name>memcpy</name>
         <value>0xe9</value>
         <object_component_ref idref="oc-37"/>
      </symbol>
      <symbol id="sm-122">
         <name>__aeabi_memcpy</name>
         <value>0xe9</value>
         <object_component_ref idref="oc-37"/>
      </symbol>
      <symbol id="sm-123">
         <name>__aeabi_memcpy8</name>
         <value>0xe9</value>
         <object_component_ref idref="oc-37"/>
      </symbol>
      <symbol id="sm-124">
         <name>__aeabi_memcpy4</name>
         <value>0xe9</value>
         <object_component_ref idref="oc-37"/>
      </symbol>
      <symbol id="sm-14d">
         <name>__TI_auto_init_nobinit_nopinit</name>
         <value>0x2d9</value>
         <object_component_ref idref="oc-ec"/>
      </symbol>
      <symbol id="sm-157">
         <name>_system_pre_init</name>
         <value>0x3bf</value>
         <object_component_ref idref="oc-99"/>
      </symbol>
      <symbol id="sm-163">
         <name>C$$EXIT</name>
         <value>0x3c3</value>
         <object_component_ref idref="oc-e0"/>
      </symbol>
      <symbol id="sm-164">
         <name>abort</name>
         <value>0x3c3</value>
         <object_component_ref idref="oc-e0"/>
      </symbol>
      <symbol id="sm-167">
         <name>__TI_static_base__</name>
         <value>0x0</value>
      </symbol>
      <symbol id="sm-16a">
         <name>__mpu_init</name>
         <value>0x0</value>
      </symbol>
      <symbol id="sm-16b">
         <name>_system_post_cinit</name>
         <value>0x0</value>
      </symbol>
      <symbol id="sm-16c">
         <name>NMI_Handler</name>
         <value>0x3c7</value>
      </symbol>
      <symbol id="sm-16d">
         <name>HardFault_Handler</name>
         <value>0x3c7</value>
      </symbol>
      <symbol id="sm-16e">
         <name>MemManage_Handler</name>
         <value>0x3c7</value>
      </symbol>
      <symbol id="sm-16f">
         <name>BusFault_Handler</name>
         <value>0x3c7</value>
      </symbol>
      <symbol id="sm-170">
         <name>UsageFault_Handler</name>
         <value>0x3c7</value>
      </symbol>
      <symbol id="sm-171">
         <name>SVC_Handler</name>
         <value>0x3c7</value>
      </symbol>
      <symbol id="sm-172">
         <name>DebugMon_Handler</name>
         <value>0x3c7</value>
      </symbol>
      <symbol id="sm-173">
         <name>PendSV_Handler</name>
         <value>0x3c7</value>
      </symbol>
      <symbol id="sm-174">
         <name>SysTick_Handler</name>
         <value>0x395</value>
      </symbol>
      <symbol id="sm-175">
         <name>PSS_IRQHandler</name>
         <value>0x3c7</value>
      </symbol>
      <symbol id="sm-176">
         <name>CS_IRQHandler</name>
         <value>0x3c7</value>
      </symbol>
      <symbol id="sm-177">
         <name>PCM_IRQHandler</name>
         <value>0x3c7</value>
      </symbol>
      <symbol id="sm-178">
         <name>WDT_A_IRQHandler</name>
         <value>0x3c7</value>
      </symbol>
      <symbol id="sm-179">
         <name>FPU_IRQHandler</name>
         <value>0x3c7</value>
      </symbol>
      <symbol id="sm-17a">
         <name>FLCTL_A_IRQHandler</name>
         <value>0x3c7</value>
      </symbol>
      <symbol id="sm-17b">
         <name>COMP_E0_IRQHandler</name>
         <value>0x3c7</value>
      </symbol>
      <symbol id="sm-17c">
         <name>COMP_E1_IRQHandler</name>
         <value>0x3c7</value>
      </symbol>
      <symbol id="sm-17d">
         <name>TA0_0_IRQHandler</name>
         <value>0x3c7</value>
      </symbol>
      <symbol id="sm-17e">
         <name>TA0_N_IRQHandler</name>
         <value>0x3c7</value>
      </symbol>
      <symbol id="sm-17f">
         <name>TA1_0_IRQHandler</name>
         <value>0x3c7</value>
      </symbol>
      <symbol id="sm-180">
         <name>TA1_N_IRQHandler</name>
         <value>0x3c7</value>
      </symbol>
      <symbol id="sm-181">
         <name>TA2_0_IRQHandler</name>
         <value>0x3c7</value>
      </symbol>
      <symbol id="sm-182">
         <name>TA2_N_IRQHandler</name>
         <value>0x3c7</value>
      </symbol>
      <symbol id="sm-183">
         <name>TA3_0_IRQHandler</name>
         <value>0x3c7</value>
      </symbol>
      <symbol id="sm-184">
         <name>TA3_N_IRQHandler</name>
         <value>0x3c7</value>
      </symbol>
      <symbol id="sm-185">
         <name>EUSCIA0_IRQHandler</name>
         <value>0x3c7</value>
      </symbol>
      <symbol id="sm-186">
         <name>EUSCIA1_IRQHandler</name>
         <value>0x3c7</value>
      </symbol>
      <symbol id="sm-187">
         <name>EUSCIA2_IRQHandler</name>
         <value>0x3c7</value>
      </symbol>
      <symbol id="sm-188">
         <name>EUSCIA3_IRQHandler</name>
         <value>0x3c7</value>
      </symbol>
      <symbol id="sm-189">
         <name>EUSCIB0_IRQHandler</name>
         <value>0x3c7</value>
      </symbol>
      <symbol id="sm-18a">
         <name>EUSCIB1_IRQHandler</name>
         <value>0x3c7</value>
      </symbol>
      <symbol id="sm-18b">
         <name>EUSCIB2_IRQHandler</name>
         <value>0x3c7</value>
      </symbol>
      <symbol id="sm-18c">
         <name>EUSCIB3_IRQHandler</name>
         <value>0x3c7</value>
      </symbol>
      <symbol id="sm-18d">
         <name>ADC14_IRQHandler</name>
         <value>0x3c7</value>
      </symbol>
      <symbol id="sm-18e">
         <name>T32_INT1_IRQHandler</name>
         <value>0x3c7</value>
      </symbol>
      <symbol id="sm-18f">
         <name>T32_INT2_IRQHandler</name>
         <value>0x3c7</value>
      </symbol>
      <symbol id="sm-190">
         <name>T32_INTC_IRQHandler</name>
         <value>0x3c7</value>
      </symbol>
      <symbol id="sm-191">
         <name>AES256_IRQHandler</name>
         <value>0x3c7</value>
      </symbol>
      <symbol id="sm-192">
         <name>RTC_C_IRQHandler</name>
         <value>0x3c7</value>
      </symbol>
      <symbol id="sm-193">
         <name>DMA_ERR_IRQHandler</name>
         <value>0x3c7</value>
      </symbol>
      <symbol id="sm-194">
         <name>DMA_INT3_IRQHandler</name>
         <value>0x3c7</value>
      </symbol>
      <symbol id="sm-195">
         <name>DMA_INT2_IRQHandler</name>
         <value>0x3c7</value>
      </symbol>
      <symbol id="sm-196">
         <name>DMA_INT1_IRQHandler</name>
         <value>0x3c7</value>
      </symbol>
      <symbol id="sm-197">
         <name>DMA_INT0_IRQHandler</name>
         <value>0x3c7</value>
      </symbol>
      <symbol id="sm-198">
         <name>PORT1_IRQHandler</name>
         <value>0x3c7</value>
      </symbol>
      <symbol id="sm-199">
         <name>PORT2_IRQHandler</name>
         <value>0x3c7</value>
      </symbol>
      <symbol id="sm-19a">
         <name>PORT3_IRQHandler</name>
         <value>0x3c7</value>
      </symbol>
      <symbol id="sm-19b">
         <name>PORT4_IRQHandler</name>
         <value>0x3c7</value>
      </symbol>
      <symbol id="sm-19c">
         <name>PORT5_IRQHandler</name>
         <value>0x3c7</value>
      </symbol>
      <symbol id="sm-19d">
         <name>PORT6_IRQHandler</name>
         <value>0x3c7</value>
      </symbol>
      <symbol id="sm-19e">
         <name>LCD_F_IRQHandler</name>
         <value>0x3c7</value>
      </symbol>
   </symbol_table>
   <title>Link successful</title>
</link_info>
